0,0.000000,-0.098774,0.754551,0.125053
1,0.016667,-0.098778,0.754555,0.125062
2,0.033333,-0.098776,0.754549,0.125056
3,0.050000,-0.098793,0.754550,0.125067
4,0.066667,-0.098775,0.754541,0.125055
5,0.083333,-0.098775,0.754546,0.125058
6,0.100000,-0.098787,0.754544,0.125054
7,0.116667,-0.098782,0.754563,0.125064
8,0.133333,-0.098784,0.754563,0.125069
9,0.150000,-0.098774,0.754541,0.125057
10,0.166667,-0.098791,0.754559,0.125053
11,0.183333,-0.098785,0.754535,0.125052
12,0.200000,-0.098769,0.754547,0.125051
13,0.216667,-0.098772,0.754549,0.125058
14,0.233333,-0.098775,0.754540,0.125058
15,0.250000,-0.098782,0.754558,0.125063
16,0.266667,-0.098776,0.754567,0.125066
17,0.283333,-0.098780,0.754550,0.125071
18,0.300000,-0.098774,0.754555,0.125058
19,0.316667,-0.098767,0.754535,0.125044
20,0.333333,-0.098787,0.754547,0.125058
21,0.350000,-0.098784,0.754545,0.125048
22,0.366667,-0.098788,0.754551,0.125074
23,0.383333,-0.098778,0.754545,0.125059
24,0.400000,-0.098771,0.754537,0.125051
25,0.416667,-0.098780,0.754537,0.125054
26,0.433333,-0.098779,0.754554,0.125061
27,0.450000,-0.098781,0.754560,0.125072
28,0.466667,-0.098786,0.754549,0.125049
29,0.483333,-0.098793,0.754556,0.125061
30,0.500000,-0.098769,0.754547,0.125058
31,0.516667,-0.098772,0.754565,0.125068
32,0.533333,-0.098774,0.754546,0.125061
33,0.550000,-0.098776,0.754547,0.125054
34,0.566667,-0.098780,0.754555,0.125057
35,0.583333,-0.098784,0.754563,0.125062
36,0.600000,-0.098792,0.754544,0.125052
37,0.616667,-0.098781,0.754549,0.125058
38,0.633333,-0.098786,0.754545,0.125058
39,0.650000,-0.098778,0.754537,0.125069
40,0.666667,-0.098790,0.754556,0.125060
41,0.683333,-0.098769,0.754552,0.125053
42,0.700000,-0.098777,0.754565,0.125063
43,0.716667,-0.098768,0.754550,0.125053
44,0.733333,-0.098778,0.754546,0.125060
45,0.750000,-0.098778,0.754557,0.125067
46,0.766667,-0.098775,0.754546,0.125052
47,0.783333,-0.098776,0.754541,0.125056
48,0.800000,-0.098775,0.754550,0.125047
49,0.816667,-0.098784,0.754533,0.125051
50,0.833333,-0.098781,0.754541,0.125052
51,0.850000,-0.098778,0.754550,0.125060
52,0.866667,-0.098779,0.754545,0.125065
53,0.883333,-0.098778,0.754542,0.125054
54,0.900000,-0.098778,0.754547,0.125058
55,0.916667,-0.098783,0.754556,0.125062
56,0.933333,-0.098777,0.754550,0.125066
57,0.950000,-0.098785,0.754555,0.125059
58,0.966667,-0.098783,0.754552,0.125059
59,0.983333,-0.098780,0.754563,0.125063
60,1.000000,-0.098780,0.754541,0.125053
61,1.016667,-0.098782,0.754541,0.125043
62,1.033333,-0.098785,0.754552,0.125065
63,1.050000,-0.098780,0.754565,0.125067
64,1.066667,-0.098777,0.754553,0.125062
65,1.083333,-0.098778,0.754551,0.125055
66,1.100000,-0.098773,0.754541,0.125052
67,1.116667,-0.098774,0.754559,0.125065
68,1.133333,-0.098781,0.754540,0.125056
69,1.150000,-0.098764,0.754547,0.125057
70,1.166667,-0.098785,0.754550,0.125061
71,1.183333,-0.098790,0.754542,0.125060
72,1.200000,-0.098780,0.754554,0.125057
73,1.216667,-0.098782,0.754557,0.125061
74,1.233333,-0.098771,0.754553,0.125060
75,1.250000,-0.098777,0.754541,0.125061
76,1.266667,-0.098776,0.754544,0.125059
77,1.283333,-0.098787,0.754555,0.125063
78,1.300000,-0.098792,0.754542,0.125057
79,1.316667,-0.098775,0.754554,0.125058
80,1.333333,-0.098770,0.754553,0.125065
81,1.350000,-0.098771,0.754533,0.125055
82,1.366667,-0.098761,0.754546,0.125046
83,1.383333,-0.098779,0.754545,0.125053
84,1.400000,-0.098785,0.754550,0.125061
85,1.416667,-0.098783,0.754546,0.125059
86,1.433333,-0.098777,0.754544,0.125061
87,1.450000,-0.098780,0.754555,0.125050
88,1.466667,-0.098780,0.754551,0.125069
89,1.483333,-0.098783,0.754543,0.125048
90,1.500000,-0.098773,0.754549,0.125056
91,1.516667,-0.098770,0.754545,0.125062
92,1.533333,-0.098781,0.754542,0.125057
93,1.550000,-0.098786,0.754559,0.125061
94,1.566667,-0.098771,0.754538,0.125049
95,1.583333,-0.098768,0.754554,0.125060
96,1.600000,-0.098779,0.754555,0.125063
97,1.616667,-0.098773,0.754533,0.125051
98,1.633333,-0.098781,0.754546,0.125056
99,1.650000,-0.098769,0.754544,0.125058
100,1.666667,-0.098775,0.754540,0.125059
101,1.683333,-0.098776,0.754535,0.125062
102,1.700000,-0.098783,0.754545,0.125064
103,1.716667,-0.098773,0.754548,0.125056
104,1.733333,-0.098774,0.754548,0.125057
105,1.750000,-0.098773,0.754548,0.125054
106,1.766667,-0.098777,0.754548,0.125067
107,1.783333,-0.098775,0.754553,0.125058
108,1.800000,-0.098783,0.754530,0.125064
109,1.816667,-0.098790,0.754547,0.125063
110,1.833333,-0.098777,0.754547,0.125061
111,1.850000,-0.098779,0.754546,0.125063
112,1.866667,-0.098777,0.754551,0.125063
113,1.883333,-0.098783,0.754539,0.125047
114,1.900000,-0.098777,0.754538,0.125062
115,1.916667,-0.098779,0.754556,0.125067
116,1.933333,-0.098787,0.754545,0.125066
117,1.950000,-0.098778,0.754549,0.125061
118,1.966667,-0.098773,0.754556,0.125055
119,1.983333,-0.098775,0.754548,0.125056
120,2.000000,-0.098779,0.754568,0.125071
121,2.016667,-0.098776,0.754538,0.125048
122,2.033333,-0.098779,0.754546,0.125060
123,2.050000,-0.098774,0.754554,0.125061
124,2.066667,-0.098781,0.754543,0.125056
125,2.083333,-0.098788,0.754556,0.125057
126,2.100000,-0.098778,0.754553,0.125057
127,2.116667,-0.098761,0.754551,0.125057
128,2.133333,-0.098771,0.754546,0.125063
129,2.150000,-0.098789,0.754558,0.125073
130,2.166667,-0.098781,0.754537,0.125053
131,2.183333,-0.098779,0.754539,0.125054
132,2.200000,-0.098782,0.754539,0.125061
133,2.216667,-0.098787,0.754553,0.125064
134,2.233333,-0.098776,0.754553,0.125055
135,2.250000,-0.098782,0.754549,0.125050
136,2.266667,-0.098797,0.754543,0.125071
137,2.283333,-0.098784,0.754533,0.125055
138,2.300000,-0.098781,0.754533,0.125062
139,2.316667,-0.098784,0.754550,0.125056
140,2.333333,-0.098782,0.754538,0.125057
141,2.350000,-0.098791,0.754548,0.125058
142,2.366667,-0.098776,0.754547,0.125053
143,2.383333,-0.098783,0.754547,0.125060
144,2.400000,-0.098779,0.754559,0.125061
145,2.416667,-0.098769,0.754549,0.125067
146,2.433333,-0.098782,0.754549,0.125065
147,2.450000,-0.098791,0.754562,0.125068
148,2.466667,-0.098788,0.754550,0.125061
149,2.483333,-0.098781,0.754544,0.125056
150,2.500000,-0.098785,0.754552,0.125054
151,2.516667,-0.098777,0.754543,0.125051
152,2.533333,-0.098781,0.754556,0.125061
153,2.550000,-0.098781,0.754538,0.125064
154,2.566667,-0.098777,0.754540,0.125060
155,2.583333,-0.098781,0.754541,0.125059
156,2.600000,-0.098774,0.754539,0.125052
157,2.616667,-0.098779,0.754557,0.125055
158,2.633333,-0.098789,0.754548,0.125057
159,2.650000,-0.098777,0.754543,0.125055
160,2.666667,-0.098782,0.754544,0.125061
161,2.683333,-0.098783,0.754548,0.125058
162,2.700000,-0.098781,0.754547,0.125060
163,2.716667,-0.098778,0.754549,0.125066
164,2.733333,-0.098786,0.754559,0.125067
165,2.750000,-0.098781,0.754535,0.125055
166,2.766667,-0.098779,0.754539,0.125059
167,2.783333,-0.098772,0.754542,0.125059
168,2.800000,-0.098765,0.754541,0.125056
169,2.816667,-0.098776,0.754563,0.125063
170,2.833333,-0.098794,0.754538,0.125054
171,2.850000,-0.098775,0.754532,0.125053
172,2.866667,-0.098781,0.754548,0.125057
173,2.883333,-0.098785,0.754549,0.125059
174,2.900000,-0.098794,0.754545,0.125058
175,2.916667,-0.098776,0.754550,0.125059
176,2.933333,-0.098779,0.754549,0.125071
177,2.950000,-0.098781,0.754546,0.125055
178,2.966667,-0.098785,0.754524,0.125060
179,2.983333,-0.098778,0.754556,0.125059
180,3.000000,-0.098775,0.754548,0.125056
181,3.016667,-0.098774,0.754534,0.125055
182,3.033333,-0.098784,0.754557,0.125062
183,3.050000,-0.098783,0.754547,0.125059
184,3.066667,-0.098797,0.754537,0.125060
185,3.083333,-0.098787,0.754549,0.125075
186,3.100000,-0.098790,0.754552,0.125068
187,3.116667,-0.098789,0.754574,0.125065
188,3.133333,-0.098804,0.754565,0.125122
189,3.150000,-0.098839,0.754570,0.125295
190,3.166667,-0.098899,0.754640,0.125562
191,3.183333,-0.099440,0.754715,0.126086
192,3.200000,-0.098822,0.754744,0.125897
193,3.216667,-0.098646,0.754944,0.126144
194,3.233333,-0.098575,0.755046,0.126324
195,3.250000,-0.098342,0.755419,0.126695
196,3.266667,-0.098280,0.756084,0.126980
197,3.283333,-0.098213,0.757137,0.127258
198,3.300000,-0.098088,0.758956,0.127632
199,3.316667,-0.098063,0.760992,0.128006
200,3.333333,-0.097866,0.763717,0.128435
201,3.350000,-0.097873,0.766618,0.128826
202,3.366667,-0.097749,0.770044,0.129369
203,3.383333,-0.097529,0.773852,0.129781
204,3.400000,-0.097717,0.778036,0.130095
205,3.416667,-0.097622,0.782339,0.130505
206,3.433333,-0.098231,0.786964,0.131583
207,3.450000,-0.097608,0.791319,0.131682
208,3.466667,-0.098400,0.796194,0.132636
209,3.483333,-0.098018,0.800651,0.132608
210,3.500000,-0.098066,0.805236,0.133193
211,3.516667,-0.098190,0.809827,0.133711
212,3.533333,-0.098324,0.814497,0.134009
213,3.550000,-0.098621,0.818869,0.134289
214,3.566667,-0.098694,0.823235,0.134635
215,3.583333,-0.099624,0.827984,0.135416
216,3.600000,-0.099298,0.832170,0.135163
217,3.616667,-0.099454,0.836701,0.135522
218,3.633333,-0.099628,0.841709,0.135837
219,3.650000,-0.100003,0.846403,0.135927
220,3.666667,-0.100196,0.851420,0.135935
221,3.683333,-0.100319,0.856480,0.136082
222,3.700000,-0.100518,0.861770,0.135882
223,3.716667,-0.100814,0.867519,0.135882
224,3.733333,-0.100874,0.873463,0.135718
225,3.750000,-0.101167,0.879689,0.135703
226,3.766667,-0.101215,0.886166,0.135499
227,3.783333,-0.101518,0.892895,0.135387
228,3.800000,-0.101605,0.899975,0.135042
229,3.816667,-0.101869,0.907604,0.134906
230,3.833333,-0.101901,0.915400,0.134753
231,3.850000,-0.102082,0.923447,0.134344
232,3.866667,-0.102056,0.931775,0.134221
233,3.883333,-0.102227,0.940557,0.133945
234,3.900000,-0.102351,0.949456,0.133492
235,3.916667,-0.102395,0.958650,0.133283
236,3.933333,-0.102387,0.968021,0.132996
237,3.950000,-0.102400,0.977463,0.132680
238,3.966667,-0.102421,0.987126,0.132415
239,3.983333,-0.102396,0.997007,0.132055
240,4.000000,-0.102443,1.006594,0.131904
241,4.016667,-0.102427,1.016136,0.131663
242,4.033333,-0.102410,1.025911,0.131273
243,4.050000,-0.102325,1.035366,0.131054
244,4.066667,-0.102244,1.045028,0.130773
245,4.083333,-0.102165,1.054197,0.130660
246,4.100000,-0.102497,1.063157,0.130637
247,4.116667,-0.101855,1.072392,0.130188
248,4.133333,-0.101881,1.081181,0.130030
249,4.150000,-0.101716,1.089866,0.129963
250,4.166667,-0.101617,1.098259,0.129680
251,4.183333,-0.101463,1.106552,0.129545
252,4.200000,-0.101353,1.114572,0.129522
253,4.216667,-0.101227,1.122418,0.129285
254,4.233333,-0.101088,1.130094,0.129163
255,4.250000,-0.100932,1.137563,0.129211
256,4.266667,-0.100798,1.144653,0.129214
257,4.283333,-0.100657,1.151526,0.129103
258,4.300000,-0.100556,1.158398,0.129072
259,4.316667,-0.100311,1.165035,0.129006
260,4.333333,-0.100619,1.171108,0.129191
261,4.350000,-0.100526,1.177295,0.129133
262,4.366667,-0.100360,1.183288,0.129150
263,4.383333,-0.100000,1.189112,0.128940
264,4.400000,-0.099898,1.194534,0.128983
265,4.416667,-0.099804,1.199766,0.129033
266,4.433333,-0.099818,1.204723,0.129099
267,4.450000,-0.099787,1.209442,0.129009
268,4.466667,-0.099986,1.213727,0.129288
269,4.483333,-0.099693,1.218041,0.129130
270,4.500000,-0.099743,1.222010,0.129349
271,4.516667,-0.100011,1.225622,0.129460
272,4.533333,-0.099711,1.229223,0.129423
273,4.550000,-0.100089,1.232324,0.129691
274,4.566667,-0.099876,1.235373,0.129623
275,4.583333,-0.099848,1.238223,0.129793
276,4.600000,-0.099932,1.240689,0.129882
277,4.616667,-0.099948,1.242997,0.129963
278,4.633333,-0.100050,1.244905,0.130068
279,4.650000,-0.100385,1.246462,0.130345
280,4.666667,-0.100229,1.248282,0.130321
281,4.683333,-0.100272,1.249567,0.130460
282,4.700000,-0.100402,1.250885,0.130469
283,4.716667,-0.100419,1.251916,0.130633
284,4.733333,-0.100422,1.252865,0.130650
285,4.750000,-0.100510,1.253750,0.130735
286,4.766667,-0.100605,1.254367,0.130845
287,4.783333,-0.100661,1.254918,0.130940
288,4.800000,-0.101009,1.255262,0.131096
289,4.816667,-0.101137,1.255718,0.131069
290,4.833333,-0.101122,1.256168,0.131131
291,4.850000,-0.101205,1.256470,0.131109
292,4.866667,-0.101158,1.256705,0.131145
293,4.883333,-0.101201,1.256876,0.131099
294,4.900000,-0.100876,1.257226,0.130982
295,4.916667,-0.100970,1.257273,0.130892
296,4.933333,-0.100949,1.257354,0.130845
297,4.950000,-0.100978,1.257428,0.130776
298,4.966667,-0.100900,1.257499,0.130662
299,4.983333,-0.100922,1.257591,0.130543
300,5.000000,-0.100934,1.257656,0.130433
301,5.016667,-0.100996,1.257658,0.130296
302,5.033333,-0.101027,1.257705,0.130184
303,5.050000,-0.101009,1.257773,0.130079
304,5.066667,-0.101028,1.257890,0.129961
305,5.083333,-0.101021,1.258022,0.129863
306,5.100000,-0.101053,1.258185,0.129765
307,5.116667,-0.101113,1.258430,0.129649
308,5.133333,-0.100981,1.258750,0.129566
309,5.150000,-0.101033,1.258974,0.129453
310,5.166667,-0.101129,1.259264,0.129375
311,5.183333,-0.101386,1.259299,0.129386
312,5.200000,-0.101131,1.259837,0.129146
313,5.216667,-0.101065,1.260129,0.128992
314,5.233333,-0.101117,1.260422,0.128887
315,5.250000,-0.101116,1.260656,0.128800
316,5.266667,-0.101120,1.260816,0.128696
317,5.283333,-0.101100,1.260959,0.128655
318,5.300000,-0.101139,1.261086,0.128660
319,5.316667,-0.101105,1.261166,0.128575
320,5.333333,-0.101100,1.261243,0.128557
321,5.350000,-0.101107,1.261294,0.128514
322,5.366667,-0.101059,1.261319,0.128500
323,5.383333,-0.101079,1.261322,0.128477
324,5.400000,-0.101048,1.261306,0.128482
325,5.416667,-0.101080,1.261274,0.128495
326,5.433333,-0.101052,1.261226,0.128512
327,5.450000,-0.101070,1.261178,0.128572
328,5.466667,-0.101084,1.261134,0.128590
329,5.483333,-0.101065,1.261090,0.128633
330,5.500000,-0.101113,1.261072,0.128696
331,5.516667,-0.101087,1.261044,0.128737
332,5.533333,-0.101108,1.261026,0.128764
333,5.550000,-0.101103,1.260997,0.128787
334,5.566667,-0.101090,1.260985,0.128839
335,5.583333,-0.101119,1.260977,0.128867
336,5.600000,-0.101097,1.260985,0.128949
337,5.616667,-0.101120,1.261036,0.129027
338,5.633333,-0.101068,1.261110,0.129126
339,5.650000,-0.100857,1.261304,0.129363
340,5.666667,-0.100839,1.261484,0.129563
341,5.683333,-0.100670,1.261642,0.129781
342,5.700000,-0.100503,1.261807,0.130025
343,5.716667,-0.100174,1.261896,0.130427
344,5.733333,-0.099769,1.262152,0.130980
345,5.750000,-0.099313,1.262267,0.131531
346,5.766667,-0.098601,1.262470,0.132293
347,5.783333,-0.098006,1.262591,0.133237
348,5.800000,-0.096990,1.262796,0.134205
349,5.816667,-0.095932,1.262868,0.135450
350,5.833333,-0.094614,1.262977,0.136908
351,5.850000,-0.093120,1.263096,0.138614
352,5.866667,-0.091408,1.263127,0.140515
353,5.883333,-0.089510,1.263119,0.142630
354,5.900000,-0.087224,1.263124,0.145036
355,5.916667,-0.084724,1.263094,0.147849
356,5.933333,-0.081884,1.263154,0.150893
357,5.950000,-0.078714,1.263018,0.154311
358,5.966667,-0.075334,1.262893,0.158077
359,5.983333,-0.071568,1.262742,0.162242
360,6.000000,-0.067314,1.262703,0.166773
361,6.016667,-0.062819,1.262516,0.171626
362,6.033333,-0.057973,1.262392,0.176968
363,6.050000,-0.052651,1.262409,0.182765
364,6.066667,-0.047012,1.262339,0.188933
365,6.083333,-0.040739,1.262454,0.195852
366,6.100000,-0.034293,1.262483,0.202653
367,6.116667,-0.027317,1.262731,0.210408
368,6.133333,-0.020794,1.262211,0.218611
369,6.150000,-0.013046,1.262426,0.227016
370,6.166667,-0.004889,1.262716,0.235857
371,6.183333,0.003562,1.262991,0.245136
372,6.200000,0.012476,1.263296,0.254853
373,6.216667,0.021768,1.263605,0.264887
374,6.233333,0.031547,1.263979,0.275428
375,6.250000,0.041581,1.264525,0.286175
376,6.266667,0.052051,1.264945,0.297490
377,6.283333,0.062887,1.265523,0.309115
378,6.300000,0.074090,1.265985,0.320951
379,6.316667,0.085423,1.266533,0.333041
380,6.333333,0.097433,1.267079,0.345476
381,6.350000,0.109422,1.267737,0.357972
382,6.366667,0.121862,1.268262,0.370767
383,6.383333,0.134269,1.268631,0.383722
384,6.400000,0.147193,1.269058,0.396789
385,6.416667,0.160231,1.269323,0.409864
386,6.433333,0.173523,1.269628,0.422931
387,6.450000,0.187099,1.268868,0.437462
388,6.466667,0.200590,1.268901,0.450612
389,6.483333,0.214205,1.268749,0.463605
390,6.500000,0.227974,1.268841,0.476420
391,6.516667,0.241705,1.268717,0.489173
392,6.533333,0.255532,1.268652,0.501629
393,6.550000,0.269335,1.268532,0.513822
394,6.566667,0.283188,1.268391,0.525775
395,6.583333,0.296976,1.268184,0.537222
396,6.600000,0.310767,1.268034,0.548421
397,6.616667,0.324344,1.267885,0.559105
398,6.633333,0.338004,1.267661,0.569242
399,6.650000,0.351412,1.267429,0.578984
400,6.666667,0.364846,1.267154,0.588050
401,6.683333,0.378023,1.266721,0.596645
402,6.700000,0.391145,1.266346,0.604566
403,6.716667,0.404085,1.266019,0.611765
404,6.733333,0.416895,1.265489,0.618577
405,6.750000,0.429308,1.265809,0.623315
406,6.766667,0.441875,1.265499,0.628519
407,6.783333,0.454220,1.264371,0.633867
408,6.800000,0.466606,1.265224,0.636182
409,6.816667,0.478664,1.264755,0.639164
410,6.833333,0.490439,1.264478,0.641268
411,6.850000,0.502226,1.264293,0.642484
412,6.866667,0.513612,1.264042,0.643136
413,6.883333,0.524959,1.263864,0.642936
414,6.900000,0.536142,1.263719,0.641996
415,6.916667,0.547136,1.263536,0.640209
416,6.933333,0.558048,1.263501,0.637756
417,6.950000,0.568708,1.263442,0.634460
418,6.966667,0.579427,1.263430,0.630554
419,6.983333,0.589849,1.263487,0.625870
420,7.000000,0.600097,1.263654,0.620569
421,7.016667,0.610175,1.263152,0.615286
422,7.033333,0.620170,1.263160,0.608715
423,7.050000,0.630055,1.263637,0.601237
424,7.066667,0.639708,1.264962,0.592274
425,7.083333,0.649762,1.265362,0.583186
426,7.100000,0.659169,1.265800,0.573897
427,7.116667,0.668597,1.266252,0.564259
428,7.133333,0.677929,1.266811,0.553701
429,7.150000,0.686960,1.267282,0.542796
430,7.166667,0.696188,1.267803,0.531308
431,7.183333,0.704919,1.268287,0.519547
432,7.200000,0.713663,1.268624,0.507186
433,7.216667,0.722247,1.269000,0.494536
434,7.233333,0.730766,1.269318,0.481494
435,7.250000,0.738979,1.269564,0.468170
436,7.266667,0.747074,1.269740,0.454600
437,7.283333,0.755040,1.269801,0.440644
438,7.300000,0.762865,1.269831,0.426423
439,7.316667,0.770268,1.269800,0.412228
440,7.333333,0.777742,1.269793,0.397570
441,7.350000,0.784900,1.269657,0.382945
442,7.366667,0.791790,1.269581,0.368080
443,7.383333,0.798398,1.269503,0.353130
444,7.400000,0.804798,1.269420,0.338071
445,7.416667,0.810899,1.269314,0.322989
446,7.433333,0.817396,1.269303,0.307577
447,7.450000,0.823032,1.269154,0.292434
448,7.466667,0.828233,1.268910,0.277270
449,7.483333,0.833173,1.268724,0.262091
450,7.500000,0.837322,1.268343,0.247176
451,7.516667,0.842059,1.268031,0.231780
452,7.533333,0.845950,1.267731,0.216659
453,7.550000,0.849554,1.267419,0.201679
454,7.566667,0.852729,1.267125,0.186713
455,7.583333,0.855535,1.266805,0.171934
456,7.600000,0.857969,1.266470,0.157198
457,7.616667,0.859824,1.266307,0.142593
458,7.633333,0.861587,1.265924,0.128110
459,7.650000,0.862815,1.265727,0.113817
460,7.666667,0.863610,1.265507,0.099525
461,7.683333,0.863985,1.265350,0.085273
462,7.700000,0.863984,1.265221,0.071373
463,7.716667,0.863543,1.265164,0.057553
464,7.733333,0.862702,1.265166,0.043858
465,7.750000,0.861339,1.265160,0.030252
466,7.766667,0.859728,1.265245,0.016800
467,7.783333,0.857526,1.265157,0.003492
468,7.800000,0.854995,1.265180,-0.009812
469,7.816667,0.852043,1.265096,-0.022928
470,7.833333,0.848592,1.264917,-0.035973
471,7.850000,0.844847,1.264774,-0.048613
472,7.866667,0.840568,1.264704,-0.061216
473,7.883333,0.835915,1.264508,-0.073809
474,7.900000,0.830924,1.264474,-0.085942
475,7.916667,0.825516,1.264185,-0.098189
476,7.933333,0.819675,1.263933,-0.110131
477,7.950000,0.813500,1.263889,-0.121861
478,7.966667,0.806919,1.263733,-0.133387
479,7.983333,0.799928,1.263588,-0.144806
480,8.000000,0.792744,1.263440,-0.155933
481,8.016667,0.784985,1.263380,-0.166806
482,8.033333,0.776950,1.263226,-0.177540
483,8.050000,0.768577,1.263300,-0.187880
484,8.066667,0.759921,1.263276,-0.197975
485,8.083333,0.750954,1.263350,-0.207819
486,8.100000,0.741781,1.263387,-0.217430
487,8.116667,0.732304,1.263419,-0.226559
488,8.133333,0.722495,1.263515,-0.235400
489,8.150000,0.712126,1.263369,-0.244515
490,8.166667,0.701881,1.263471,-0.252670
491,8.183333,0.691231,1.263484,-0.260621
492,8.200000,0.680503,1.263603,-0.268145
493,8.216667,0.669504,1.263918,-0.274964
494,8.233333,0.658149,1.264021,-0.281659
495,8.250000,0.646787,1.264301,-0.288290
496,8.266667,0.635373,1.264275,-0.294205
497,8.283333,0.623627,1.264545,-0.299613
498,8.300000,0.611589,1.264715,-0.304632
499,8.316667,0.599373,1.264862,-0.309195
500,8.333333,0.587141,1.265075,-0.313303
501,8.350000,0.574677,1.265186,-0.317106
502,8.366667,0.562026,1.265144,-0.320505
503,8.383333,0.549375,1.265488,-0.323077
504,8.400000,0.536570,1.265531,-0.325426
505,8.416667,0.523661,1.265386,-0.327439
506,8.433333,0.510572,1.265640,-0.328665
507,8.450000,0.497444,1.265720,-0.329578
508,8.466667,0.484323,1.265424,-0.330207
509,8.483333,0.471165,1.265604,-0.329911
510,8.500000,0.457951,1.265574,-0.329424
511,8.516667,0.444816,1.265623,-0.328258
512,8.533333,0.431491,1.265698,-0.326634
513,8.550000,0.418251,1.265764,-0.324477
514,8.566667,0.405030,1.265707,-0.322083
515,8.583333,0.391899,1.265804,-0.318736
516,8.600000,0.378642,1.265735,-0.315312
517,8.616667,0.365558,1.265962,-0.311009
518,8.633333,0.352580,1.266024,-0.306382
519,8.650000,0.339560,1.266118,-0.301330
520,8.666667,0.326588,1.266377,-0.295656
521,8.683333,0.313679,1.266484,-0.289502
522,8.700000,0.300947,1.266767,-0.282681
523,8.716667,0.288134,1.266918,-0.275546
524,8.733333,0.275439,1.267103,-0.267861
525,8.750000,0.262885,1.267330,-0.259605
526,8.766667,0.250291,1.267458,-0.251170
527,8.783333,0.237888,1.267692,-0.242161
528,8.800000,0.225473,1.267731,-0.232844
529,8.816667,0.213056,1.267821,-0.223100
530,8.833333,0.200946,1.267994,-0.212707
531,8.850000,0.188825,1.268215,-0.201758
532,8.866667,0.176786,1.268476,-0.190607
533,8.883333,0.164918,1.268679,-0.179022
534,8.900000,0.152971,1.268817,-0.167208
535,8.916667,0.141269,1.269003,-0.154937
536,8.933333,0.129511,1.269199,-0.142351
537,8.950000,0.118036,1.269697,-0.129132
538,8.966667,0.106618,1.269798,-0.115847
539,8.983333,0.095146,1.269946,-0.102320
540,9.000000,0.083824,1.270078,-0.088519
541,9.016667,0.072526,1.270076,-0.074439
542,9.033333,0.061139,1.270066,-0.060066
543,9.050000,0.050018,1.270075,-0.045556
544,9.066667,0.038728,1.269988,-0.030795
545,9.083333,0.027629,1.270010,-0.015787
546,9.100000,0.016631,1.269911,-0.000712
547,9.116667,0.005413,1.269686,0.014572
548,9.133333,-0.005670,1.269502,0.030016
549,9.150000,-0.016709,1.269366,0.045455
550,9.166667,-0.027783,1.269161,0.061000
551,9.183333,-0.038932,1.269000,0.076772
552,9.200000,-0.049956,1.268947,0.092540
553,9.216667,-0.061113,1.268702,0.108303
554,9.233333,-0.072281,1.268591,0.124075
555,9.250000,-0.083545,1.268463,0.139864
556,9.266667,-0.095111,1.268196,0.155739
557,9.283333,-0.106029,1.268345,0.171314
558,9.300000,-0.117363,1.268116,0.186940
559,9.316667,-0.129019,1.267937,0.202592
560,9.333333,-0.140739,1.267847,0.218017
561,9.350000,-0.151868,1.268002,0.233296
562,9.366667,-0.163873,1.267610,0.248607
563,9.383333,-0.175565,1.267488,0.263738
564,9.400000,-0.187272,1.267431,0.278608
565,9.416667,-0.199142,1.267341,0.293333
566,9.433333,-0.211053,1.267255,0.307866
567,9.450000,-0.223054,1.267164,0.322197
568,9.466667,-0.235245,1.266745,0.336518
569,9.483333,-0.247293,1.266933,0.350061
570,9.500000,-0.259702,1.266558,0.363786
571,9.516667,-0.272124,1.266432,0.376947
572,9.533333,-0.284524,1.266297,0.389894
573,9.550000,-0.297212,1.266192,0.402437
574,9.566667,-0.309975,1.266001,0.414753
575,9.583333,-0.322721,1.266050,0.426743
576,9.600000,-0.335532,1.266083,0.438270
577,9.616667,-0.348374,1.266092,0.449577
578,9.633333,-0.361489,1.266041,0.460399
579,9.650000,-0.374597,1.265890,0.470902
580,9.666667,-0.387775,1.265804,0.480791
581,9.683333,-0.401093,1.265552,0.490554
582,9.700000,-0.414389,1.265416,0.499816
583,9.716667,-0.427899,1.265429,0.508453
584,9.733333,-0.441379,1.265238,0.517037
585,9.750000,-0.455099,1.265198,0.524866
586,9.766667,-0.468646,1.265216,0.532303
587,9.783333,-0.482401,1.265236,0.539376
588,9.800000,-0.496175,1.265205,0.545919
589,9.816667,-0.509898,1.265115,0.551977
590,9.833333,-0.523763,1.265159,0.557693
591,9.850000,-0.537701,1.265166,0.562859
592,9.866667,-0.551515,1.265074,0.567724
593,9.883333,-0.565526,1.265063,0.572027
594,9.900000,-0.579406,1.265190,0.575768
595,9.916667,-0.593386,1.265132,0.579183
596,9.933333,-0.607313,1.265092,0.582073
597,9.950000,-0.621374,1.265001,0.584536
598,9.966667,-0.635319,1.264950,0.586478
599,9.983333,-0.649225,1.264890,0.588070
600,10.000000,-0.663163,1.264831,0.589140
601,10.016667,-0.677149,1.264809,0.589712
602,10.033333,-0.691006,1.264899,0.589908
603,10.050000,-0.704794,1.264888,0.589619
604,10.066667,-0.718542,1.264956,0.588824
605,10.083333,-0.732223,1.265134,0.587490
606,10.100000,-0.745613,1.265290,0.585723
607,10.116667,-0.759185,1.265478,0.583545
608,10.133333,-0.772417,1.265693,0.580768
609,10.150000,-0.785581,1.265883,0.577629
610,10.166667,-0.798567,1.266039,0.574044
611,10.183333,-0.811455,1.266090,0.569928
612,10.200000,-0.824094,1.266190,0.565431
613,10.216667,-0.836638,1.266074,0.560453
614,10.233333,-0.848856,1.266092,0.554980
615,10.250000,-0.861021,1.265962,0.549091
616,10.266667,-0.872866,1.265782,0.542715
617,10.283333,-0.884538,1.265634,0.535976
618,10.300000,-0.895949,1.265412,0.528785
619,10.316667,-0.907096,1.265181,0.521180
620,10.333333,-0.917937,1.265105,0.512942
621,10.350000,-0.928622,1.264946,0.504486
622,10.366667,-0.938902,1.264858,0.495438
623,10.383333,-0.948961,1.264785,0.486019
624,10.400000,-0.958680,1.264683,0.476267
625,10.416667,-0.968081,1.264759,0.466118
626,10.433333,-0.977170,1.264751,0.455509
627,10.450000,-0.986064,1.264876,0.444621
628,10.466667,-0.994527,1.264966,0.433330
629,10.483333,-1.002656,1.265103,0.421698
630,10.500000,-1.010366,1.265263,0.409727
631,10.516667,-1.017789,1.265407,0.397389
632,10.533333,-1.024783,1.265582,0.384694
633,10.550000,-1.031454,1.265722,0.371900
634,10.566667,-1.037806,1.265821,0.358644
635,10.583333,-1.043641,1.265906,0.345268
636,10.600000,-1.049221,1.266013,0.331627
637,10.616667,-1.054374,1.266082,0.317732
638,10.633333,-1.059155,1.266109,0.303537
639,10.650000,-1.063761,1.265982,0.288900
640,10.666667,-1.067770,1.265932,0.274274
641,10.683333,-1.071397,1.265909,0.259600
642,10.700000,-1.074510,1.265827,0.244812
643,10.716667,-1.077329,1.265621,0.229874
644,10.733333,-1.079669,1.265568,0.214781
645,10.750000,-1.081839,1.265442,0.199537
646,10.766667,-1.083517,1.265418,0.184172
647,10.783333,-1.084706,1.265263,0.168659
648,10.800000,-1.085493,1.265277,0.153178
649,10.816667,-1.085838,1.265247,0.137555
650,10.833333,-1.085792,1.265069,0.122109
651,10.850000,-1.085335,1.265133,0.106460
652,10.866667,-1.084519,1.265108,0.090860
653,10.883333,-1.083347,1.265023,0.075201
654,10.900000,-1.081704,1.265002,0.059529
655,10.916667,-1.079633,1.264958,0.043866
656,10.933333,-1.077199,1.264921,0.028294
657,10.950000,-1.074477,1.264833,0.012879
658,10.966667,-1.071120,1.264646,-0.002501
659,10.983333,-1.067673,1.264452,-0.017926
660,11.000000,-1.063590,1.264383,-0.033292
661,11.016667,-1.059262,1.264360,-0.048484
662,11.033333,-1.054393,1.264227,-0.063489
663,11.050000,-1.049302,1.264315,-0.078226
664,11.066667,-1.043859,1.264237,-0.092903
665,11.083333,-1.037964,1.264271,-0.107428
666,11.100000,-1.031720,1.264274,-0.121679
667,11.116667,-1.025213,1.264217,-0.135698
668,11.133333,-1.018292,1.264218,-0.149627
669,11.150000,-1.011197,1.264166,-0.163060
670,11.166667,-1.003631,1.264131,-0.176454
671,11.183333,-0.995740,1.264022,-0.189312
672,11.200000,-0.987619,1.263995,-0.201999
673,11.216667,-0.979088,1.263935,-0.214321
674,11.233333,-0.970385,1.263880,-0.226265
675,11.250000,-0.961376,1.263881,-0.237884
676,11.266667,-0.952048,1.263734,-0.248889
677,11.283333,-0.942450,1.263765,-0.259678
678,11.300000,-0.932448,1.263757,-0.270027
679,11.316667,-0.922314,1.263764,-0.280014
680,11.333333,-0.911870,1.263817,-0.289461
681,11.350000,-0.901167,1.263925,-0.298363
682,11.366667,-0.890222,1.263926,-0.306793
683,11.383333,-0.879103,1.264102,-0.314708
684,11.400000,-0.867673,1.264127,-0.322131
685,11.416667,-0.856093,1.264267,-0.328981
686,11.433333,-0.844235,1.264303,-0.335351
687,11.450000,-0.832276,1.264462,-0.341093
688,11.466667,-0.819969,1.264374,-0.346259
689,11.483333,-0.807593,1.264464,-0.350866
690,11.500000,-0.794912,1.264436,-0.354739
691,11.516667,-0.782148,1.264460,-0.358067
692,11.533333,-0.769257,1.264344,-0.360811
693,11.550000,-0.756166,1.264385,-0.362899
694,11.566667,-0.742928,1.264296,-0.364514
695,11.583333,-0.729551,1.264345,-0.365300
696,11.600000,-0.716153,1.264207,-0.365595
697,11.616667,-0.702568,1.264313,-0.365197
698,11.633333,-0.688817,1.264312,-0.364180
699,11.650000,-0.675042,1.264402,-0.362563
700,11.666667,-0.661213,1.264352,-0.360429
701,11.683333,-0.647303,1.264519,-0.357567
702,11.700000,-0.633382,1.264616,-0.354141
703,11.716667,-0.619468,1.264713,-0.350166
704,11.733333,-0.605477,1.264975,-0.345579
705,11.750000,-0.591418,1.265186,-0.340452
706,11.766667,-0.577406,1.265471,-0.334737
707,11.783333,-0.563430,1.265730,-0.328523
708,11.800000,-0.549513,1.266061,-0.321866
709,11.816667,-0.535646,1.266330,-0.314604
710,11.833333,-0.521764,1.266640,-0.306959
711,11.850000,-0.507976,1.266920,-0.298803
712,11.866667,-0.494308,1.267258,-0.290349
713,11.883333,-0.480786,1.267401,-0.281491
714,11.900000,-0.467338,1.267615,-0.272197
715,11.916667,-0.454026,1.267718,-0.262571
716,11.933333,-0.440893,1.267804,-0.252574
717,11.950000,-0.427981,1.267850,-0.242321
718,11.966667,-0.415322,1.267821,-0.231819
719,11.983333,-0.402736,1.267755,-0.221096
720,12.000000,-0.390337,1.267718,-0.210089
721,12.016667,-0.378389,1.267507,-0.199075
722,12.033333,-0.366477,1.267421,-0.187756
723,12.050000,-0.354890,1.267215,-0.176387
724,12.066667,-0.343570,1.266994,-0.164973
725,12.083333,-0.332585,1.266821,-0.153462
726,12.100000,-0.321534,1.266595,-0.141802
727,12.116667,-0.311124,1.266298,-0.130377
728,12.133333,-0.301007,1.266011,-0.118963
729,12.150000,-0.291161,1.265681,-0.107543
730,12.166667,-0.281627,1.265457,-0.096268
731,12.183333,-0.272523,1.265037,-0.085278
732,12.200000,-0.263478,1.264787,-0.074536
733,12.216667,-0.255173,1.264373,-0.063577
734,12.233333,-0.247094,1.263982,-0.053087
735,12.250000,-0.239255,1.263515,-0.042865
736,12.266667,-0.231772,1.263180,-0.032860
737,12.283333,-0.224716,1.262813,-0.023175
738,12.300000,-0.217906,1.262504,-0.013778
739,12.316667,-0.211512,1.262221,-0.004788
740,12.333333,-0.205339,1.261863,0.003963
741,12.350000,-0.199382,1.261709,0.012061
742,12.366667,-0.193870,1.261450,0.020139
743,12.383333,-0.189102,1.261127,0.027892
744,12.400000,-0.184228,1.260970,0.035103
745,12.416667,-0.179765,1.260703,0.041953
746,12.433333,-0.175594,1.260594,0.048502
747,12.450000,-0.171705,1.260492,0.054573
748,12.466667,-0.168022,1.260365,0.060287
749,12.483333,-0.164693,1.260303,0.065586
750,12.500000,-0.161314,1.260375,0.070285
751,12.516667,-0.158530,1.260355,0.074805
752,12.533333,-0.155866,1.260405,0.079074
753,12.550000,-0.153439,1.260450,0.082888
754,12.566667,-0.151511,1.260315,0.086519
755,12.583333,-0.149552,1.260308,0.089598
756,12.600000,-0.147655,1.260447,0.092426
757,12.616667,-0.146019,1.260451,0.094892
758,12.633333,-0.144223,1.260659,0.097079
759,12.650000,-0.143044,1.260594,0.099093
760,12.666667,-0.141698,1.260577,0.100744
761,12.683333,-0.140479,1.260738,0.102228
762,12.700000,-0.139077,1.260891,0.103389
763,12.716667,-0.138027,1.261012,0.104432
764,12.733333,-0.136810,1.261060,0.105324
765,12.750000,-0.135769,1.261141,0.106084
766,12.766667,-0.135114,1.260980,0.106847
767,12.783333,-0.133822,1.261223,0.107272
768,12.800000,-0.132762,1.261165,0.107772
769,12.816667,-0.131822,1.261150,0.108221
770,12.833333,-0.131057,1.260897,0.108783
771,12.850000,-0.129685,1.260979,0.108973
772,12.866667,-0.128514,1.260820,0.109329
773,12.883333,-0.127399,1.260860,0.109775
774,12.900000,-0.126312,1.260767,0.110293
775,12.916667,-0.125179,1.260614,0.110709
776,12.933333,-0.124179,1.260502,0.111299
777,12.950000,-0.122748,1.260679,0.111589
778,12.966667,-0.121460,1.260806,0.112162
779,12.983333,-0.120227,1.260774,0.112715
780,13.000000,-0.119126,1.260767,0.113214
781,13.016667,-0.118078,1.260681,0.113914
782,13.033333,-0.116592,1.260889,0.114427
783,13.050000,-0.115439,1.260875,0.115038
784,13.066667,-0.114199,1.261000,0.115658
785,13.083333,-0.113153,1.261019,0.116314
786,13.100000,-0.112132,1.260919,0.116893
787,13.116667,-0.110947,1.261043,0.117527
788,13.133333,-0.109942,1.261035,0.118134
789,13.150000,-0.109017,1.260900,0.118710
790,13.166667,-0.108121,1.260835,0.119343
791,13.183333,-0.107128,1.260717,0.119933
792,13.200000,-0.106484,1.260557,0.120609
793,13.216667,-0.105657,1.260430,0.121113
794,13.233333,-0.105035,1.260368,0.121599
795,13.250000,-0.104276,1.260144,0.122178
796,13.266667,-0.104026,1.259878,0.122799
797,13.283333,-0.103400,1.259909,0.123304
798,13.300000,-0.102666,1.260015,0.123542
799,13.316667,-0.102219,1.259924,0.124028
800,13.333333,-0.101825,1.259883,0.124403
801,13.350000,-0.101349,1.259884,0.124750
802,13.366667,-0.101109,1.259898,0.125078
803,13.383333,-0.100811,1.259983,0.125380
804,13.400000,-0.100609,1.259968,0.125718
805,13.416667,-0.100465,1.260005,0.125937
806,13.433333,-0.100220,1.260082,0.126156
807,13.450000,-0.100096,1.260187,0.126364
808,13.466667,-0.100002,1.260260,0.126522
809,13.483333,-0.099971,1.260448,0.126713
810,13.500000,-0.099929,1.260504,0.126883
811,13.516667,-0.099946,1.260522,0.126983
812,13.533333,-0.099914,1.260528,0.127083
813,13.550000,-0.099963,1.260500,0.127139
814,13.566667,-0.099964,1.260459,0.127205
815,13.583333,-0.100058,1.260393,0.127237
816,13.600000,-0.100062,1.260340,0.127286
817,13.616667,-0.100144,1.260297,0.127270
818,13.633333,-0.100143,1.260249,0.127286
819,13.650000,-0.100236,1.260195,0.127227
820,13.666667,-0.100220,1.260153,0.127206
821,13.683333,-0.100266,1.260119,0.127169
822,13.700000,-0.100266,1.260081,0.127145
823,13.716667,-0.100337,1.260017,0.127057
824,13.733333,-0.100331,1.259989,0.127019
825,13.750000,-0.100645,1.259742,0.127055
826,13.766667,-0.100267,1.259899,0.126848
827,13.783333,-0.100235,1.259904,0.126782
828,13.800000,-0.100179,1.259912,0.126662
829,13.816667,-0.100110,1.259980,0.126597
830,13.833333,-0.100057,1.260110,0.126517
831,13.850000,-0.099952,1.260252,0.126469
832,13.866667,-0.099914,1.260417,0.126406
833,13.883333,-0.099774,1.260703,0.126430
834,13.900000,-0.099676,1.260898,0.126350
835,13.916667,-0.099548,1.261080,0.126267
836,13.933333,-0.099441,1.261235,0.126242
837,13.950000,-0.099300,1.261351,0.126234
838,13.966667,-0.099206,1.261452,0.126201
839,13.983333,-0.098997,1.261465,0.126232
840,14.000000,-0.098897,1.261468,0.126222
841,14.016667,-0.098646,1.261441,0.126250
842,14.033333,-0.098565,1.261375,0.126248
843,14.050000,-0.098412,1.261260,0.126286
844,14.066667,-0.098361,1.261147,0.126308
845,14.083333,-0.098230,1.260998,0.126361
846,14.100000,-0.098167,1.260829,0.126442
847,14.116667,-0.098062,1.260643,0.126531
848,14.133333,-0.097977,1.260441,0.126575
849,14.150000,-0.097809,1.260227,0.126606
850,14.166667,-0.097749,1.260111,0.126652
851,14.183333,-0.097534,1.260004,0.126737
852,14.200000,-0.097479,1.259900,0.126821
853,14.216667,-0.097421,1.259840,0.126873
854,14.233333,-0.097258,1.259816,0.126941
855,14.250000,-0.097231,1.259787,0.126994
856,14.266667,-0.097162,1.259904,0.127144
857,14.283333,-0.097149,1.259924,0.127208
858,14.300000,-0.097077,1.259982,0.127304
859,14.316667,-0.097078,1.260071,0.127376
860,14.333333,-0.097037,1.260171,0.127456
861,14.350000,-0.097041,1.260298,0.127535
862,14.366667,-0.097025,1.260410,0.127596
863,14.383333,-0.097022,1.260526,0.127668
864,14.400000,-0.097026,1.260618,0.127718
865,14.416667,-0.096987,1.260764,0.127827
866,14.433333,-0.097009,1.260806,0.127877
867,14.450000,-0.097007,1.260835,0.127941
868,14.466667,-0.097022,1.260848,0.127976
869,14.483333,-0.097031,1.260842,0.128035
870,14.500000,-0.097063,1.260828,0.128055
871,14.516667,-0.097071,1.260772,0.128153
872,14.533333,-0.097108,1.260740,0.128171
873,14.550000,-0.097104,1.260672,0.128230
874,14.566667,-0.097142,1.260628,0.128227
875,14.583333,-0.097125,1.260581,0.128252
876,14.600000,-0.097176,1.260538,0.128255
877,14.616667,-0.097173,1.260497,0.128277
878,14.633333,-0.097223,1.260461,0.128270
879,14.650000,-0.097224,1.260416,0.128283
880,14.666667,-0.097267,1.260368,0.128267
881,14.683333,-0.097581,1.260140,0.128346
882,14.700000,-0.097613,1.260090,0.128310
883,14.716667,-0.097398,1.260149,0.128129
884,14.733333,-0.097769,1.259863,0.128199
885,14.750000,-0.097552,1.259994,0.128041
886,14.766667,-0.097585,1.259922,0.128005
887,14.783333,-0.097621,1.259856,0.127954
888,14.800000,-0.097639,1.259806,0.127921
889,14.816667,-0.097720,1.259787,0.127856
890,14.833333,-0.097732,1.259807,0.127823
891,14.850000,-0.097837,1.259865,0.127740
892,14.866667,-0.097858,1.259926,0.127713
893,14.883333,-0.097929,1.260010,0.127697
894,14.900000,-0.097941,1.260116,0.127647
895,14.916667,-0.098014,1.260263,0.127593
896,14.933333,-0.098107,1.260364,0.127571
897,14.950000,-0.098164,1.260442,0.127585
898,14.966667,-0.098248,1.260488,0.127571
899,14.983333,-0.098337,1.260415,0.127563
900,15.000000,-0.098322,1.260404,0.127629
901,15.016667,-0.098404,1.260177,0.127655
902,15.033333,-0.098436,1.259951,0.127699
903,15.050000,-0.098502,1.259656,0.127700
904,15.066667,-0.098517,1.259293,0.127723
905,15.083333,-0.098526,1.258821,0.127705
906,15.100000,-0.098527,1.258244,0.127733
907,15.116667,-0.098576,1.257445,0.127837
908,15.133333,-0.098801,1.256470,0.127991
909,15.150000,-0.098498,1.255628,0.127842
910,15.166667,-0.098586,1.254312,0.127909
911,15.183333,-0.098573,1.252955,0.127979
912,15.200000,-0.098768,1.251175,0.128126
913,15.216667,-0.098444,1.249495,0.128043
914,15.233333,-0.098528,1.247456,0.128102
915,15.250000,-0.098383,1.245189,0.128174
916,15.266667,-0.098380,1.242689,0.128225
917,15.283333,-0.098385,1.239834,0.128236
918,15.300000,-0.098381,1.236702,0.128191
919,15.316667,-0.098577,1.233175,0.128434
920,15.333333,-0.098315,1.229645,0.128319
921,15.350000,-0.098249,1.225759,0.128314
922,15.366667,-0.098098,1.221531,0.128334
923,15.383333,-0.098126,1.217032,0.128363
924,15.400000,-0.098130,1.212299,0.128420
925,15.416667,-0.097984,1.207214,0.128382
926,15.433333,-0.098234,1.201675,0.128495
927,15.450000,-0.097876,1.196257,0.128411
928,15.466667,-0.098110,1.190201,0.128506
929,15.483333,-0.097706,1.184141,0.128418
930,15.500000,-0.097696,1.177650,0.128404
931,15.516667,-0.097640,1.171046,0.128428
932,15.533333,-0.097397,1.164129,0.128435
933,15.550000,-0.097430,1.157002,0.128411
934,15.566667,-0.097598,1.149511,0.128602
935,15.583333,-0.097144,1.142351,0.128413
936,15.600000,-0.097125,1.134759,0.128278
937,15.616667,-0.097052,1.126963,0.128393
938,15.633333,-0.096951,1.118981,0.128439
939,15.650000,-0.096907,1.110890,0.128333
940,15.666667,-0.096728,1.102708,0.128422
941,15.683333,-0.096722,1.094403,0.128446
942,15.700000,-0.096686,1.086032,0.128598
943,15.716667,-0.096542,1.077579,0.128591
944,15.733333,-0.096438,1.069107,0.128617
945,15.750000,-0.096425,1.060608,0.128570
946,15.766667,-0.096282,1.051986,0.128622
947,15.783333,-0.096302,1.043436,0.128734
948,15.800000,-0.096252,1.034631,0.128713
949,15.816667,-0.096113,1.025718,0.128645
950,15.833333,-0.096082,1.016706,0.128682
951,15.850000,-0.096069,1.007481,0.128689
952,15.866667,-0.096078,0.998559,0.128919
953,15.883333,-0.096104,0.989497,0.128870
954,15.900000,-0.095980,0.980507,0.128828
955,15.916667,-0.095902,0.971776,0.128906
956,15.933333,-0.096165,0.963354,0.128986
957,15.950000,-0.096150,0.954940,0.128944
958,15.966667,-0.095937,0.946619,0.128938
959,15.983333,-0.096138,0.938511,0.128918
960,16.000000,-0.096523,0.930327,0.129267
961,16.016667,-0.096203,0.922858,0.128927
962,16.033333,-0.096118,0.915078,0.128912
963,16.050000,-0.096245,0.907979,0.129011
964,16.066667,-0.096188,0.900897,0.128865
965,16.083333,-0.096382,0.893927,0.129051
966,16.100000,-0.096379,0.887181,0.128959
967,16.116667,-0.096387,0.880658,0.128861
968,16.133333,-0.096504,0.874423,0.128876
969,16.150000,-0.096519,0.868287,0.128738
970,16.166667,-0.096684,0.862423,0.128775
971,16.183333,-0.096764,0.856602,0.128678
972,16.200000,-0.097735,0.851301,0.128673
973,16.216667,-0.096752,0.845900,0.128404
974,16.233333,-0.096914,0.840947,0.128278
975,16.250000,-0.097754,0.836082,0.128553
976,16.266667,-0.097206,0.831490,0.127884
977,16.283333,-0.097265,0.827355,0.127947
978,16.300000,-0.097997,0.823286,0.128107
979,16.316667,-0.097532,0.819306,0.127580
980,16.333333,-0.098171,0.816061,0.127950
981,16.350000,-0.097930,0.812720,0.127399
982,16.366667,-0.097891,0.809763,0.127376
983,16.383333,-0.098107,0.806884,0.127239
984,16.400000,-0.098112,0.804409,0.127347
985,16.416667,-0.098129,0.802325,0.127403
986,16.433333,-0.099114,0.800497,0.127654
987,16.450000,-0.098616,0.798948,0.127297
988,16.466667,-0.099230,0.797642,0.127826
989,16.483333,-0.098759,0.796581,0.127513
990,16.500000,-0.099414,0.795796,0.127960
991,16.516667,-0.098732,0.795095,0.127813
992,16.533333,-0.099537,0.794680,0.128093
993,16.550000,-0.099519,0.794551,0.128238
994,16.566667,-0.099446,0.794516,0.128369
995,16.583333,-0.099454,0.794527,0.128558
996,16.600000,-0.098880,0.794647,0.128446
997,16.616667,-0.098777,0.794777,0.128612
998,16.633333,-0.098689,0.794937,0.128765
999,16.650000,-0.098668,0.795089,0.128930
1000,16.666667,-0.098581,0.795263,0.129061
1001,16.683333,-0.098517,0.795411,0.129190
1002,16.700000,-0.098411,0.795527,0.129373
1003,16.716667,-0.098209,0.795699,0.129644
1004,16.733333,-0.098028,0.795825,0.129864
1005,16.750000,-0.097923,0.795814,0.130004
1006,16.766667,-0.097836,0.795702,0.130086
1007,16.783333,-0.097747,0.795588,0.130195
1008,16.800000,-0.097699,0.795410,0.130272
1009,16.816667,-0.097622,0.795157,0.130320
1010,16.833333,-0.097443,0.794768,0.130422
1011,16.850000,-0.097382,0.794479,0.130379
1012,16.866667,-0.097362,0.794084,0.130385
1013,16.883333,-0.097384,0.793770,0.130330
1014,16.900000,-0.097311,0.793319,0.130229
1015,16.916667,-0.098109,0.792399,0.130344
1016,16.933333,-0.097856,0.790788,0.130396
1017,16.950000,-0.097222,0.788175,0.129857
1018,16.966667,-0.097154,0.784341,0.129722
1019,16.983333,-0.096949,0.779583,0.129710
1020,17.000000,-0.097399,0.773332,0.130006
1021,17.016667,-0.096634,0.765715,0.129543
1022,17.033333,-0.096280,0.756606,0.129595
1023,17.050000,-0.097282,0.755950,0.129493
1024,17.066667,-0.097836,0.758038,0.129430
1025,17.083333,-0.098246,0.758221,0.129492
1026,17.100000,-0.098733,0.756677,0.129582
1027,17.116667,-0.099066,0.754380,0.129192
1028,17.133333,-0.099260,0.754865,0.129135
1029,17.150000,-0.099562,0.754532,0.129158
1030,17.166667,-0.099676,0.754454,0.129194
1031,17.183333,-0.099648,0.754454,0.129173
1032,17.200000,-0.099652,0.754437,0.129178
1033,17.216667,-0.099645,0.754433,0.129169
1034,17.233333,-0.099644,0.754434,0.129176
1035,17.250000,-0.099659,0.754436,0.129160
1036,17.266667,-0.099646,0.754438,0.129166
1037,17.283333,-0.099665,0.754441,0.129180
1038,17.300000,-0.099648,0.754443,0.129173
1039,17.316667,-0.099655,0.754435,0.129176
1040,17.333333,-0.099651,0.754439,0.129184
1041,17.350000,-0.099663,0.754445,0.129178
1042,17.366667,-0.099664,0.754435,0.129173
1043,17.383333,-0.099667,0.754435,0.129170
1044,17.400000,-0.099650,0.754428,0.129166
1045,17.416667,-0.099659,0.754434,0.129173
1046,17.433333,-0.099661,0.754441,0.129194
1047,17.450000,-0.099648,0.754419,0.129169
1048,17.466667,-0.099651,0.754434,0.129175
1049,17.483333,-0.099643,0.754425,0.129175
1050,17.500000,-0.099655,0.754437,0.129162
1051,17.516667,-0.099654,0.754419,0.129173
1052,17.533333,-0.099642,0.754431,0.129175
1053,17.550000,-0.099654,0.754439,0.129181
1054,17.566667,-0.099655,0.754422,0.129167
1055,17.583333,-0.099652,0.754427,0.129178
1056,17.600000,-0.099656,0.754435,0.129165
1057,17.616667,-0.099662,0.754440,0.129176
1058,17.633333,-0.099658,0.754425,0.129169
1059,17.650000,-0.099651,0.754439,0.129171
1060,17.666667,-0.099656,0.754423,0.129169
1061,17.683333,-0.099666,0.754424,0.129164
1062,17.700000,-0.099653,0.754431,0.129184
1063,17.716667,-0.099658,0.754434,0.129178
1064,17.733333,-0.099672,0.754430,0.129178
1065,17.750000,-0.099665,0.754439,0.129178
1066,17.766667,-0.099659,0.754438,0.129163
1067,17.783333,-0.099651,0.754440,0.129174
1068,17.800000,-0.099651,0.754429,0.129174
1069,17.816667,-0.099649,0.754431,0.129174
1070,17.833333,-0.099671,0.754441,0.129168
1071,17.850000,-0.099645,0.754431,0.129175
1072,17.866667,-0.099660,0.754431,0.129187
1073,17.883333,-0.099669,0.754439,0.129177
1074,17.900000,-0.099642,0.754434,0.129162
1075,17.916667,-0.099649,0.754430,0.129179
1076,17.933333,-0.099662,0.754443,0.129175
1077,17.950000,-0.099651,0.754424,0.129174
1078,17.966667,-0.099663,0.754443,0.129173
1079,17.983333,-0.099657,0.754440,0.129183
1080,18.000000,-0.099649,0.754426,0.129177
1081,18.016667,-0.099646,0.754435,0.129176
1082,18.033333,-0.099657,0.754437,0.129172
1083,18.050000,-0.099657,0.754449,0.129179
1084,18.066667,-0.099658,0.754438,0.129174
1085,18.083333,-0.099662,0.754422,0.129172
1086,18.100000,-0.099661,0.754430,0.129174
1087,18.116667,-0.099655,0.754437,0.129177
1088,18.133333,-0.099665,0.754450,0.129180
1089,18.150000,-0.099657,0.754426,0.129170
1090,18.166667,-0.099652,0.754430,0.129176
1091,18.183333,-0.099644,0.754414,0.129166
1092,18.200000,-0.099658,0.754429,0.129176
1093,18.216667,-0.099654,0.754425,0.129165
1094,18.233333,-0.099667,0.754441,0.129177
1095,18.250000,-0.099652,0.754431,0.129184
1096,18.266667,-0.099661,0.754435,0.129173
1097,18.283333,-0.099664,0.754431,0.129169
1098,18.300000,-0.099653,0.754432,0.129179
1099,18.316667,-0.099662,0.754423,0.129171
1100,18.333333,-0.099656,0.754426,0.129169
1101,18.350000,-0.099655,0.754439,0.129169
1102,18.366667,-0.099653,0.754434,0.129175
1103,18.383333,-0.099664,0.754418,0.129170
1104,18.400000,-0.099659,0.754433,0.129172
1105,18.416667,-0.099670,0.754433,0.129171
1106,18.433333,-0.099652,0.754433,0.129172
1107,18.450000,-0.099661,0.754435,0.129180
1108,18.466667,-0.099666,0.754435,0.129168
1109,18.483333,-0.099657,0.754442,0.129169
1110,18.500000,-0.099669,0.754434,0.129173
1111,18.516667,-0.099639,0.754425,0.129161
1112,18.533333,-0.099655,0.754434,0.129175
1113,18.550000,-0.099649,0.754438,0.129172
1114,18.566667,-0.099665,0.754438,0.129174
1115,18.583333,-0.099657,0.754431,0.129160
1116,18.600000,-0.099648,0.754434,0.129182
1117,18.616667,-0.099657,0.754426,0.129180
1118,18.633333,-0.099661,0.754433,0.129172
1119,18.650000,-0.099656,0.754420,0.129174
1120,18.666667,-0.099651,0.754427,0.129167
1121,18.683333,-0.099649,0.754440,0.129177
1122,18.700000,-0.099653,0.754421,0.129166
1123,18.716667,-0.099656,0.754437,0.129185
1124,18.733333,-0.099664,0.754428,0.129179
1125,18.750000,-0.099663,0.754423,0.129178
1126,18.766667,-0.099661,0.754435,0.129172
1127,18.783333,-0.099655,0.754424,0.129166
1128,18.800000,-0.099664,0.754446,0.129174
1129,18.816667,-0.099653,0.754442,0.129172
1130,18.833333,-0.099661,0.754442,0.129174
1131,18.850000,-0.099651,0.754424,0.129177
1132,18.866667,-0.099658,0.754442,0.129178
1133,18.883333,-0.099652,0.754434,0.129168
1134,18.900000,-0.099663,0.754431,0.129171
1135,18.916667,-0.099658,0.754425,0.129172
1136,18.933333,-0.099663,0.754433,0.129167
1137,18.950000,-0.099654,0.754438,0.129167
1138,18.966667,-0.099658,0.754446,0.129174
1139,18.983333,-0.099646,0.754439,0.129170
1140,19.000000,-0.099655,0.754442,0.129177
1141,19.016667,-0.099656,0.754434,0.129170
