0,0.000000,-0.035781,1.262330,0.029641,-1.170964,1.210007,-0.356404,,,,,,
1,0.016667,-0.035783,1.262175,0.029627,-1.171001,1.209966,-0.356237,,,,,,
2,0.033333,-0.035791,1.262031,0.029611,-1.171140,1.210027,-0.355937,,,,,,
3,0.050000,-0.035785,1.261913,0.029637,-1.171147,1.210075,-0.355895,,,,,,
4,0.066667,-0.035777,1.261827,0.029635,-1.171121,1.210145,-0.355892,,,,,,
5,0.083333,-0.035761,1.261781,0.029625,-1.171113,1.210103,-0.355788,,,,,,
6,0.100000,-0.035782,1.261749,0.029597,-1.171089,1.210103,-0.355703,,,,,,
7,0.116667,-0.035785,1.261770,0.029605,-1.171086,1.210117,-0.355542,,,,,,
8,0.133333,-0.035825,1.261827,0.029578,-1.171085,1.209888,-0.355372,,,,,,
9,0.150000,-0.035851,1.261931,0.029546,-1.170980,1.209725,-0.355344,,,,,,
10,0.166667,-0.036012,1.262065,0.029533,-1.170918,1.209625,-0.355216,,,,,,
11,0.183333,-0.036049,1.262223,0.029541,-1.170858,1.209460,-0.355139,,,,,,
12,0.200000,-0.036110,1.262397,0.029503,-1.170822,1.209144,-0.355054,,,,,,
13,0.216667,-0.036118,1.262651,0.029423,-1.170829,1.208985,-0.354821,,,,,,
14,0.233333,-0.036166,1.262829,0.029374,-1.170779,1.208899,-0.354738,,,,,,
15,0.250000,-0.036173,1.262955,0.029376,-1.170617,1.208524,-0.354756,,,,,,
16,0.266667,-0.036250,1.263131,0.029341,-1.170558,1.207962,-0.354505,,,,,,
17,0.283333,-0.036273,1.263207,0.029344,-1.170557,1.207580,-0.353884,,,,,,
18,0.300000,-0.036298,1.263261,0.029307,-1.170642,1.207391,-0.353472,,,,,,
19,0.316667,-0.036405,1.263283,0.029256,-1.170695,1.206980,-0.353045,,,,,,
20,0.333333,-0.036397,1.263266,0.029251,-1.170845,1.206512,-0.352535,,,,,,
21,0.350000,-0.036352,1.263169,0.029160,-1.170930,1.206290,-0.352139,,,,,,
22,0.366667,-0.036267,1.263072,0.029148,-1.170938,1.205940,-0.351843,,,,,,
23,0.383333,-0.036235,1.262950,0.029116,-1.170941,1.205417,-0.351436,,,,,,
24,0.400000,-0.036169,1.262759,0.029087,-1.170983,1.205047,-0.351003,,,,,,
25,0.416667,-0.036150,1.262573,0.029024,-1.171072,1.204846,-0.350631,,,,,,
26,0.433333,-0.036108,1.262410,0.029004,-1.171072,1.204582,-0.350179,,,,,,
27,0.450000,-0.036069,1.262203,0.028930,-1.171163,1.204345,-0.349730,,,,,,
28,0.466667,-0.036036,1.262075,0.028888,-1.171103,1.204188,-0.349400,,,,,,
29,0.483333,-0.035872,1.261987,0.028876,-1.170908,1.203737,-0.348927,,,,,,
30,0.500000,-0.035925,1.261917,0.028848,-1.170555,1.203048,-0.348325,,,,,,
31,0.516667,-0.035767,1.261859,0.028838,-1.169940,1.202430,-0.347750,,,,,,
32,0.533333,-0.035725,1.261827,0.028820,-1.169269,1.201674,-0.347281,,,,,,
33,0.550000,-0.035656,1.261792,0.028847,-1.168568,1.200984,-0.346558,,,,,,
34,0.566667,-0.035647,1.261798,0.028823,-1.167851,1.200437,-0.345527,,,,,,
35,0.583333,-0.035596,1.261825,0.028812,-1.166846,1.200124,-0.344573,,,,,,
36,0.600000,-0.035600,1.261883,0.028808,-1.165627,1.199954,-0.343706,,,,,,
37,0.616667,-0.035549,1.261956,0.028849,-1.163896,1.199504,-0.342648,,,,,,
38,0.633333,-0.035541,1.262059,0.028840,-1.161831,1.198539,-0.341403,,,,,,
39,0.650000,-0.035503,1.262163,0.028874,-1.159379,1.197127,-0.340276,,,,,,
40,0.666667,-0.035494,1.262278,0.028892,-1.156648,1.195537,-0.339480,,,,,,
41,0.683333,-0.035458,1.262442,0.029028,-1.153884,1.193984,-0.338737,,,,,,
42,0.700000,-0.035485,1.262528,0.029036,-1.151131,1.192962,-0.338156,,,,,,
43,0.716667,-0.035706,1.262495,0.029279,-1.148297,1.192474,-0.338019,,,,,,
44,0.733333,-0.035495,1.262630,0.029128,-1.145392,1.192347,-0.338432,,,,,,
45,0.750000,-0.035507,1.262646,0.029134,-1.142536,1.192379,-0.339360,,,,,,
46,0.766667,-0.035502,1.262616,0.029191,-1.139685,1.192947,-0.340391,,,,,,
47,0.783333,-0.035549,1.262579,0.029191,-1.136919,1.193968,-0.341591,,,,,,
48,0.800000,-0.035562,1.262516,0.029235,-1.134182,1.195049,-0.342938,,,,,,
49,0.816667,-0.035597,1.262458,0.029255,-1.131450,1.196317,-0.344374,,,,,,
50,0.833333,-0.035611,1.262390,0.029301,-1.128780,1.197531,-0.345700,,,,,,
51,0.850000,-0.035644,1.262323,0.029301,-1.126042,1.199103,-0.346898,,,,,,
52,0.866667,-0.035679,1.262270,0.029305,-1.123510,1.200589,-0.348019,,,,,,
53,0.883333,-0.035723,1.262151,0.029381,-1.120901,1.201896,-0.349023,,,,,,
54,0.900000,-0.035769,1.262092,0.029361,-1.118261,1.203395,-0.349811,,,,,,
55,0.916667,-0.035796,1.262019,0.029370,-1.115659,1.204643,-0.350407,,,,,,
56,0.933333,-0.035967,1.261891,0.029292,-1.113032,1.205564,-0.350521,,,,,,
57,0.950000,-0.035994,1.261803,0.029312,-1.110516,1.206582,-0.350211,,,,,,
58,0.966667,-0.036056,1.261743,0.029246,-1.108010,1.207384,-0.349717,,,,,,
59,0.983333,-0.036081,1.261675,0.029275,-1.105570,1.208344,-0.348903,,,,,,
60,1.000000,-0.036135,1.261603,0.029249,-1.103153,1.209419,-0.347687,,,,,,
61,1.016667,-0.036156,1.261588,0.029234,-1.100746,1.210306,-0.345889,,,,,,
62,1.033333,-0.036203,1.261601,0.029192,-1.098531,1.211008,-0.343803,,,,,,
63,1.050000,-0.036228,1.261634,0.029201,-1.096180,1.211594,-0.341397,,,,,,
64,1.066667,-0.036264,1.261682,0.029175,-1.093753,1.211998,-0.338605,,,,,,
65,1.083333,-0.036289,1.261746,0.029154,-1.091280,1.212450,-0.335799,,,,,,
66,1.100000,-0.036399,1.261812,0.029131,-1.088818,1.212351,-0.332507,,,,,,
67,1.116667,-0.036420,1.261896,0.029120,-1.086421,1.212312,-0.328504,,,,,,
68,1.133333,-0.036436,1.262027,0.029024,-1.084090,1.212442,-0.324277,,,,,,
69,1.150000,-0.036456,1.262122,0.029011,-1.081619,1.212396,-0.319609,,,,,,
70,1.166667,-0.036427,1.262289,0.029073,-1.079155,1.212001,-0.314772,,,,,,
71,1.183333,-0.036439,1.262378,0.029030,-1.076723,1.211763,-0.309892,,,,,,
72,1.200000,-0.036426,1.262435,0.029049,-1.074332,1.211722,-0.304722,,,,,,
73,1.216667,-0.036433,1.262478,0.029019,-1.071919,1.211846,-0.299441,,,,,,
74,1.233333,-0.036411,1.262487,0.029027,-1.069594,1.211989,-0.294170,,,,,,
75,1.250000,-0.036411,1.262478,0.029003,-1.067349,1.212037,-0.288720,,,,,,
76,1.266667,-0.036375,1.262445,0.029012,-1.065230,1.211865,-0.283270,,,,,,
77,1.283333,-0.036356,1.262385,0.028992,-1.062998,1.211683,-0.277905,,,,,,
78,1.300000,-0.036297,1.262259,0.028926,-1.060771,1.211036,-0.272503,,,,,,
79,1.316667,-0.036262,1.262178,0.028950,-1.058568,1.210547,-0.267051,,,,,,
80,1.333333,-0.036248,1.262105,0.028915,-1.056501,1.209986,-0.261545,,,,,,
81,1.350000,-0.036190,1.262022,0.028957,-1.054669,1.209531,-0.256394,,,,,,
82,1.366667,-0.036177,1.261946,0.028969,-1.052945,1.209069,-0.250930,,,,,,
83,1.383333,-0.036162,1.261794,0.029070,-1.051490,1.208718,-0.245788,,,,,,
84,1.400000,-0.036155,1.261699,0.029086,-1.050014,1.208265,-0.240491,,,,,,
85,1.416667,-0.036115,1.261617,0.029149,-1.048751,1.207219,-0.235170,,,,,,
86,1.433333,-0.036102,1.261497,0.029185,-1.047531,1.205827,-0.229927,,,,,,
87,1.450000,-0.036076,1.261449,0.029217,-1.046435,1.204408,-0.224678,,,,,,
88,1.466667,-0.036047,1.261400,0.029260,-1.045652,1.203094,-0.219498,,,,,,
89,1.483333,-0.036013,1.261389,0.029302,-1.044989,1.201563,-0.214230,,,,,,
90,1.500000,-0.035996,1.261393,0.029326,-1.044577,1.199812,-0.208994,,,,,,
91,1.516667,-0.035883,1.261423,0.029374,-1.044446,1.198181,-0.203586,,,,,,
92,1.533333,-0.035844,1.261445,0.029481,-1.044552,1.196402,-0.197891,,,,,,
93,1.550000,-0.035832,1.261516,0.029482,-1.045047,1.194764,-0.192241,,,,,,
94,1.566667,-0.035807,1.261565,0.029547,-1.045673,1.193170,-0.186632,,,,,,
95,1.583333,-0.035824,1.261627,0.029548,-1.046575,1.191681,-0.180802,,,,,,
96,1.600000,-0.035805,1.261740,0.029649,-1.047813,1.190346,-0.175058,,,,,,
97,1.616667,-0.035824,1.261804,0.029641,-1.049194,1.189067,-0.169541,,,,,,
98,1.633333,-0.035802,1.261860,0.029708,-1.050739,1.187942,-0.164276,,,,,,
99,1.650000,-0.035821,1.261913,0.029705,-1.052437,1.186914,-0.159139,,,,,,
100,1.666667,-0.035820,1.261974,0.029720,-1.054295,1.186221,-0.154494,,,,,,
101,1.683333,-0.035840,1.262033,0.029740,-1.056133,1.185299,-0.149893,,,,,,
102,1.700000,-0.035886,1.262112,0.029768,-1.057744,1.184196,-0.145781,,,,,,
103,1.716667,-0.036033,1.262167,0.029781,-1.059250,1.182892,-0.142320,,,,,,
104,1.733333,-0.036089,1.262222,0.029802,-1.060793,1.181500,-0.139149,,,,,,
105,1.750000,-0.036132,1.262252,0.029832,-1.062276,1.180390,-0.136077,,,,,,
106,1.766667,-0.036196,1.262247,0.029818,-1.063725,1.179530,-0.133235,,,,,,
107,1.783333,-0.036214,1.262203,0.029882,-1.065012,1.179072,-0.130786,,,,,,
108,1.800000,-0.036266,1.262136,0.029882,-1.066212,1.178431,-0.128197,,,,,,
109,1.816667,-0.036532,1.261891,0.030116,-1.067358,1.178347,-0.125692,,,,,,
110,1.833333,-0.036550,1.261750,0.030165,-1.068352,1.178725,-0.123254,,,,,,
111,1.850000,-0.036579,1.261591,0.030185,-1.069346,1.179242,-0.120910,,,,,,
112,1.866667,-0.036590,1.261448,0.030210,-1.070254,1.179918,-0.118907,,,,,,
113,1.883333,-0.036608,1.261314,0.030225,-1.071048,1.181031,-0.117321,,,,,,
114,1.900000,-0.036611,1.261197,0.030260,-1.071876,1.182659,-0.116041,,,,,,
115,1.916667,-0.036610,1.261099,0.030230,-1.072772,1.184346,-0.115065,,,,,,
116,1.933333,-0.036599,1.260999,0.030199,-1.073560,1.185954,-0.114498,,,,,,
117,1.950000,-0.036592,1.260970,0.030187,-1.074313,1.187853,-0.114238,,,,,,
118,1.966667,-0.036564,1.260974,0.030198,-1.075203,1.189474,-0.114177,,,,,,
119,1.983333,-0.036549,1.260996,0.030160,-1.075875,1.190740,-0.114047,,,,,,
120,2.000000,-0.036490,1.261099,0.030212,-1.076763,1.191554,-0.113732,,,,,,
121,2.016667,-0.036498,1.261199,0.030158,-1.077476,1.192015,-0.112816,,,,,,
122,2.033333,-0.036466,1.261328,0.030128,-1.078144,1.191904,-0.111881,,,,,,
123,2.050000,-0.036440,1.261506,0.030057,-1.078563,1.191552,-0.111241,,,,,,
124,2.066667,-0.036389,1.261666,0.030039,-1.079124,1.191334,-0.110560,,,,,,
125,2.083333,-0.036141,1.261961,0.029724,-1.079601,1.191276,-0.109274,,,,,,
126,2.100000,-0.036086,1.262081,0.029668,-1.080489,1.191300,-0.108068,,,,,,
127,2.116667,-0.036059,1.262178,0.029623,-1.081213,1.191664,-0.107060,,,,,,
128,2.133333,-0.036020,1.262230,0.029544,-1.082096,1.192175,-0.106524,,,,,,
129,2.150000,-0.035971,1.262275,0.029486,-1.082945,1.192472,-0.106107,,,,,,
130,2.166667,-0.035814,1.262350,0.029372,-1.083768,1.192468,-0.105095,,,,,,
131,2.183333,-0.035732,1.262311,0.029326,-1.084795,1.192418,-0.103913,,,,,,
132,2.200000,-0.035712,1.262266,0.029264,-1.085710,1.192547,-0.103331,,,,,,
133,2.216667,-0.035661,1.262174,0.029248,-1.086597,1.192985,-0.103256,,,,,,
134,2.233333,-0.035711,1.262020,0.029108,-1.087518,1.194180,-0.103859,,,,,,
135,2.250000,-0.035691,1.261896,0.029100,-1.088268,1.194899,-0.104843,,,,,,
136,2.266667,-0.035726,1.261707,0.029103,-1.088824,1.194875,-0.105364,,,,,,
137,2.283333,-0.035710,1.261551,0.029092,-1.089306,1.193743,-0.105289,,,,,,
138,2.300000,-0.035689,1.261392,0.029113,-1.090315,1.192296,-0.104322,,,,,,
139,2.316667,-0.035701,1.261275,0.029109,-1.091438,1.191689,-0.103416,,,,,,
140,2.333333,-0.035678,1.261123,0.029077,-1.092257,1.192605,-0.103934,,,,,,
141,2.350000,-0.035719,1.261059,0.029058,-1.093240,1.193877,-0.104793,,,,,,
142,2.366667,-0.035738,1.261020,0.029071,-1.094208,1.194694,-0.105121,,,,,,
143,2.383333,-0.035809,1.261008,0.029059,-1.095314,1.195555,-0.105131,,,,,,
144,2.400000,-0.035817,1.261010,0.029058,-1.096490,1.196319,-0.105229,,,,,,
145,2.416667,-0.035982,1.261027,0.029053,-1.097500,1.197156,-0.105611,,,,,,
146,2.433333,-0.036001,1.261057,0.029069,-1.098395,1.198234,-0.106328,,,,,,
147,2.450000,-0.036078,1.261082,0.029032,-1.099110,1.198827,-0.106739,,,,,,
148,2.466667,-0.036108,1.261104,0.029043,-1.100013,1.199427,-0.107178,,,,,,
149,2.483333,-0.036190,1.261140,0.029043,-1.100816,1.200007,-0.107628,,,,,,
150,2.500000,-0.036264,1.261078,0.029040,-1.101542,1.200378,-0.107865,,,,,,
151,2.516667,-0.036283,1.261175,0.029031,-1.102437,1.201312,-0.107986,,,,,,
152,2.533333,-0.036653,1.260936,0.029231,-1.103232,1.202906,-0.108181,,,,,,
153,2.550000,-0.036688,1.260938,0.029221,-1.103947,1.204465,-0.108362,,,,,,
154,2.566667,-0.036740,1.260957,0.029219,-1.104586,1.205310,-0.108778,,,,,,
155,2.583333,-0.036810,1.261015,0.029267,-1.105268,1.205952,-0.108940,,,,,,
156,2.600000,-0.036869,1.261019,0.029141,-1.105944,1.207013,-0.108807,,,,,,
157,2.616667,-0.037070,1.260974,0.028832,-1.106646,1.208076,-0.108720,,,,,,
158,2.633333,-0.037022,1.260899,0.028029,-1.107395,1.209018,-0.108774,,,,,,
159,2.650000,-0.037425,1.260349,0.027250,-1.108007,1.209665,-0.108679,,,,,,
160,2.666667,-0.037776,1.259526,0.026333,-1.108583,1.210188,-0.108390,,,,,,
161,2.683333,-0.038447,1.258357,0.025454,-1.109260,1.210604,-0.107920,,,,,,
162,2.700000,-0.038677,1.257136,0.023911,-1.109748,1.211142,-0.107504,,,,,,
163,2.716667,-0.039541,1.255527,0.022669,-1.110202,1.211557,-0.107226,,,,,,
164,2.733333,-0.039999,1.253789,0.020624,-1.110702,1.211798,-0.106959,,,,,,
165,2.750000,-0.041123,1.251574,0.018642,-1.111066,1.211782,-0.106536,,,,,,
166,2.766667,-0.042240,1.249175,0.016065,-1.111391,1.211813,-0.106197,,,,,,
167,2.783333,-0.043375,1.246708,0.013141,-1.111851,1.212002,-0.105712,,,,,,
168,2.800000,-0.044679,1.244063,0.010022,-1.112232,1.212209,-0.105137,,,,,,
169,2.816667,-0.046091,1.241515,0.006624,-1.112395,1.212287,-0.105031,,,,,,
170,2.833333,-0.047317,1.239120,0.002795,-1.112487,1.212354,-0.105157,,,,,,
171,2.850000,-0.049020,1.236521,-0.001147,-1.112552,1.212270,-0.105146,,,,,,
172,2.866667,-0.050798,1.234225,-0.005250,-1.112557,1.212069,-0.105030,,,,,,
173,2.883333,-0.052605,1.232236,-0.009510,-1.112513,1.211793,-0.105018,,,,,,
174,2.900000,-0.054922,1.230316,-0.013795,-1.112513,1.211585,-0.104843,,,,,,
175,2.916667,-0.056838,1.228926,-0.018629,-1.112433,1.211424,-0.104824,,,,,,
176,2.933333,-0.058979,1.227697,-0.023346,-1.112269,1.211229,-0.105034,,,,,,
177,2.950000,-0.061282,1.226730,-0.028197,-1.112106,1.211057,-0.105279,,,,,,
178,2.966667,-0.063588,1.226220,-0.033016,-1.111964,1.210752,-0.105195,,,,,,
179,2.983333,-0.066036,1.225963,-0.037869,-1.111764,1.210416,-0.105259,,,,,,
180,3.000000,-0.068897,1.225879,-0.042504,-1.111376,1.210363,-0.105700,,,,,,
181,3.016667,-0.071122,1.226056,-0.047423,-1.111017,1.210259,-0.106317,,,,,,
182,3.033333,-0.073850,1.226397,-0.051860,-1.110727,1.210115,-0.106566,,,,,,
183,3.050000,-0.076408,1.226985,-0.056379,-1.110451,1.210204,-0.106621,,,,,,
184,3.066667,-0.079075,1.227716,-0.060734,-1.110362,1.210335,-0.106252,,,,,,
185,3.083333,-0.081609,1.228305,-0.065052,-1.110388,1.210618,-0.105561,,,,,,
186,3.100000,-0.084070,1.229112,-0.069162,-1.110306,1.211046,-0.105197,,,,,,
187,3.116667,-0.086283,1.229784,-0.073201,-1.110244,1.211479,-0.104567,,,,,,
188,3.133333,-0.088640,1.230331,-0.076857,-1.110173,1.212015,-0.103297,,,,,,
189,3.150000,-0.091103,1.230579,-0.080335,-1.110514,1.212886,-0.101441,,,,,,
190,3.166667,-0.093432,1.230905,-0.083587,-1.110728,1.213616,-0.099318,,,,,,
191,3.183333,-0.095588,1.231034,-0.086442,-1.111217,1.214051,-0.096443,,,,,,
192,3.200000,-0.097836,1.230818,-0.089269,-1.111945,1.214910,-0.093135,,,,,,
193,3.216667,-0.100027,1.230589,-0.091830,-1.112903,1.216070,-0.089460,,,,,,
194,3.233333,-0.101963,1.230217,-0.094150,-1.114232,1.217308,-0.085421,,,,,,
195,3.250000,-0.103918,1.229600,-0.096198,-1.115660,1.218583,-0.081241,,,,,,
196,3.266667,-0.105999,1.228847,-0.097750,-1.117459,1.220157,-0.076601,,,,,,
197,3.283333,-0.107759,1.228050,-0.099387,-1.119452,1.221641,-0.071283,,,,,,
198,3.300000,-0.109363,1.227299,-0.100718,-1.121729,1.222825,-0.065703,,,,,,
199,3.316667,-0.110887,1.226519,-0.101830,-1.124001,1.223996,-0.059749,,,,,,
200,3.333333,-0.112430,1.225750,-0.102721,-1.126633,1.225070,-0.053153,,,,,,
201,3.350000,-0.113770,1.225176,-0.103362,-1.129349,1.225900,-0.046298,,,,,,
202,3.366667,-0.114765,1.224811,-0.104075,-1.132151,1.226844,-0.039312,,,,,,
203,3.383333,-0.116144,1.224296,-0.104178,-1.135203,1.227866,-0.032205,,,,,,
204,3.400000,-0.117005,1.223688,-0.103972,-1.138474,1.228616,-0.024668,,,,,,
205,3.416667,-0.118190,1.224074,-0.104061,-1.141952,1.229764,-0.017142,,,,,,
206,3.433333,-0.118849,1.224255,-0.103985,-1.145504,1.230783,-0.009195,,,,,,
207,3.450000,-0.119943,1.224566,-0.103220,-1.149244,1.231860,-0.001394,,,,,,
208,3.466667,-0.120690,1.225083,-0.102504,-1.153108,1.232734,0.006583,,,,,,
209,3.483333,-0.121383,1.225455,-0.101520,-1.156969,1.233615,0.014698,,,,,,
210,3.500000,-0.122090,1.226812,-0.100724,-1.160847,1.234414,0.022931,,,,,,
211,3.516667,-0.122984,1.227753,-0.099667,-1.164828,1.234723,0.031609,,,,,,
212,3.533333,-0.123463,1.228852,-0.098172,-1.168847,1.234882,0.040620,,,,,,
213,3.550000,-0.124049,1.229706,-0.096456,-1.172873,1.235104,0.049867,,,,,,
214,3.566667,-0.124530,1.231563,-0.095181,-1.176934,1.235358,0.059359,,,,,,
215,3.583333,-0.125421,1.232785,-0.093123,-1.181103,1.235763,0.069325,,,,,,
216,3.600000,-0.126124,1.234175,-0.091237,-1.185370,1.236160,0.079646,,,,,,
217,3.616667,-0.126837,1.235556,-0.089174,-1.189629,1.236336,0.090142,,,,,,
218,3.633333,-0.127305,1.237141,-0.087016,-1.193903,1.236642,0.100703,,,,,,
219,3.650000,-0.128240,1.238365,-0.084550,-1.198383,1.237218,0.111239,,,,,,
220,3.666667,-0.129119,1.239472,-0.081973,-1.202724,1.237818,0.121939,,,,,,
221,3.683333,-0.130155,1.240581,-0.079214,-1.207266,1.238538,0.132672,,,,,,
222,3.700000,-0.131495,1.241421,-0.076052,-1.211978,1.239489,0.143522,,,,,,
223,3.716667,-0.132327,1.242378,-0.073202,-1.216935,1.240598,0.154505,,,,,,
224,3.733333,-0.133906,1.242938,-0.069669,-1.221721,1.241623,0.165442,,,,,,
225,3.750000,-0.134931,1.243580,-0.066406,-1.226500,1.242382,0.176448,,,,,,
226,3.766667,-0.136430,1.244023,-0.062644,-1.231417,1.242791,0.187726,,,,,,
227,3.783333,-0.138353,1.244270,-0.058583,-1.236153,1.243283,0.198814,,,,,,
228,3.800000,-0.139684,1.244664,-0.054688,-1.240846,1.243673,0.209772,,,,,,
229,3.816667,-0.141542,1.244952,-0.050482,-1.245501,1.244079,0.220567,,,,,,
230,3.833333,-0.143789,1.244943,-0.045768,-1.250229,1.244402,0.231303,,,,,,
231,3.850000,-0.145989,1.245132,-0.041099,-1.254780,1.244837,0.241795,,,,,,
232,3.866667,-0.148207,1.245309,-0.036112,-1.259287,1.245088,0.251934,,,,,,
233,3.883333,-0.150352,1.245713,-0.031156,-1.263598,1.245230,0.261929,,,,,,
234,3.900000,-0.152845,1.245960,-0.025884,-1.267663,1.245334,0.271473,,,,,,
235,3.916667,-0.155863,1.246299,-0.020099,-1.271716,1.245420,0.280809,,,,,,
236,3.933333,-0.158420,1.246845,-0.014467,-1.275757,1.245341,0.290134,,,,,,
237,3.950000,-0.161416,1.247506,-0.008299,-1.279923,1.245130,0.299544,,,,,,
238,3.966667,-0.164866,1.247957,-0.001704,-1.283977,1.244804,0.308627,,,,,,
239,3.983333,-0.168213,1.248737,0.004835,-1.287920,1.244592,0.317031,,,,,,
240,4.000000,-0.171563,1.249508,0.011676,-1.291741,1.244367,0.325348,,,,,,
241,4.016667,-0.174866,1.250554,0.018494,-1.295596,1.243848,0.333498,,,,,,
242,4.033333,-0.178495,1.251448,0.025924,-1.299548,1.243209,0.341595,,,,,,
243,4.050000,-0.182638,1.252243,0.033615,-1.303373,1.242635,0.349172,,,,,,
244,4.066667,-0.186517,1.253097,0.041401,-1.307085,1.241860,0.356652,,,,,,
245,4.083333,-0.190552,1.253945,0.049413,-1.310842,1.241248,0.363746,,,,,,
246,4.100000,-0.194303,1.254930,0.057419,-1.314501,1.240730,0.370480,,,,,,
247,4.116667,-0.198746,1.255418,0.065931,-1.318020,1.240104,0.376893,,,,,,
248,4.133333,-0.202900,1.256070,0.074527,-1.321458,1.239382,0.383005,,,,,,
249,4.150000,-0.207227,1.256615,0.083341,-1.324751,1.238437,0.388937,,,,,,
250,4.166667,-0.211588,1.256996,0.092219,-1.327953,1.237645,0.394479,,,,,,
251,4.183333,-0.215861,1.257249,0.101323,-1.330962,1.236860,0.399667,,,,,,
252,4.200000,-0.220176,1.257490,0.110455,-1.333894,1.236123,0.404649,,,,,,
253,4.216667,-0.224349,1.257016,0.119918,-1.336623,1.235457,0.409171,,,,,,
254,4.233333,-0.228578,1.256845,0.129267,-1.339006,1.234998,0.413068,,,,,,
255,4.250000,-0.233060,1.256545,0.138708,-1.341147,1.234569,0.416539,,,,,,
256,4.266667,-0.237322,1.256241,0.148251,-1.342944,1.234068,0.419527,,,,,,
257,4.283333,-0.241535,1.255776,0.157710,-1.344319,1.234009,0.421783,,,,,,
258,4.300000,-0.245895,1.255640,0.167204,-1.345574,1.234455,0.423493,,,,,,
259,4.316667,-0.250045,1.255143,0.176635,-1.346642,1.235149,0.424773,,,,,,
260,4.333333,-0.254177,1.254528,0.186204,-1.347425,1.235912,0.425459,,,,,,
261,4.350000,-0.258292,1.254137,0.195451,-1.347913,1.236606,0.425626,,,,,,
262,4.366667,-0.262003,1.253733,0.204917,-1.348214,1.236998,0.425341,,,,,,
263,4.383333,-0.265851,1.253204,0.214414,-1.348119,1.237224,0.424366,,,,,,
264,4.400000,-0.270184,1.252114,0.223773,-1.347636,1.237746,0.422377,,,,,,
265,4.416667,-0.273958,1.251475,0.232906,-1.346663,1.238607,0.419323,,,,,,
266,4.433333,-0.277146,1.251192,0.241847,-1.345210,1.239364,0.415273,,,,,,
267,4.450000,-0.281016,1.250240,0.251007,-1.343354,1.240089,0.410294,,,,,,
268,4.466667,-0.284460,1.249771,0.259791,-1.341250,1.241217,0.404607,,,,,,
269,4.483333,-0.287808,1.249277,0.268488,-1.338834,1.242068,0.398323,,,,,,
270,4.500000,-0.291253,1.248830,0.276843,-1.336079,1.242106,0.391633,,,,,,
271,4.516667,-0.294218,1.248574,0.285081,-1.333126,1.241920,0.384373,,,,,,
272,4.533333,-0.297107,1.248425,0.293112,-1.329862,1.242070,0.376377,,,,,,
273,4.550000,-0.299980,1.248173,0.300930,-1.326559,1.242127,0.367764,,,,,,
274,4.566667,-0.302776,1.248194,0.308349,-1.323165,1.242454,0.358817,,,,,,
275,4.583333,-0.305452,1.248306,0.315435,-1.319946,1.243132,0.349297,,,,,,
276,4.600000,-0.307788,1.248670,0.322307,-1.316702,1.243573,0.339881,,,,,,
277,4.616667,-0.310172,1.248985,0.328786,-1.313520,1.243497,0.330275,,,,,,
278,4.633333,-0.312370,1.249240,0.334873,-1.310233,1.243228,0.320553,,,,,,
279,4.650000,-0.314446,1.249790,0.340724,-1.307031,1.243091,0.310560,,,,,,
280,4.666667,-0.316209,1.250387,0.346098,-1.304265,1.243479,0.300537,,,,,,
281,4.683333,-0.317997,1.250835,0.351213,-1.301676,1.244549,0.290427,,,,,,
282,4.700000,-0.319452,1.251529,0.355822,-1.299247,1.245665,0.280404,,,,,,
283,4.716667,-0.320983,1.252078,0.360030,-1.296965,1.246455,0.270755,,,,,,
284,4.733333,-0.322068,1.252656,0.363855,-1.294564,1.247423,0.261008,,,,,,
285,4.750000,-0.323025,1.253282,0.367077,-1.292078,1.248488,0.251006,,,,,,
286,4.766667,-0.323848,1.253762,0.369976,-1.289597,1.249433,0.241126,,,,,,
287,4.783333,-0.324482,1.254220,0.372551,-1.286761,1.250185,0.231593,,,,,,
288,4.800000,-0.325033,1.254620,0.374556,-1.283686,1.250521,0.222074,,,,,,
289,4.816667,-0.325366,1.254952,0.375987,-1.280402,1.250387,0.212899,,,,,,
290,4.833333,-0.325476,1.255331,0.377212,-1.276972,1.250092,0.204023,,,,,,
291,4.850000,-0.325515,1.255512,0.377708,-1.273300,1.250105,0.194962,,,,,,
292,4.866667,-0.325217,1.255684,0.377885,-1.269589,1.249849,0.185711,,,,,,
293,4.883333,-0.324755,1.255900,0.377549,-1.265613,1.249553,0.176190,,,,,,
294,4.900000,-0.324357,1.256005,0.376906,-1.261815,1.249210,0.166790,,,,,,
295,4.916667,-0.323569,1.256210,0.375714,-1.257994,1.248973,0.157368,,,,,,
296,4.933333,-0.322792,1.256297,0.374077,-1.254479,1.248912,0.148111,,,,,,
297,4.950000,-0.321819,1.256519,0.371952,-1.251093,1.249141,0.138672,,,,,,
298,4.966667,-0.320789,1.256575,0.369385,-1.247792,1.249473,0.129360,,,,,,
299,4.983333,-0.319477,1.256941,0.366422,-1.244668,1.249783,0.120014,,,,,,
300,5.000000,-0.318212,1.257089,0.363167,-1.241671,1.250358,0.110609,,,,,,
301,5.016667,-0.316855,1.257316,0.359403,-1.238709,1.251155,0.101164,,,,,,
302,5.033333,-0.315388,1.257481,0.355434,-1.235937,1.251945,0.091514,,,,,,
303,5.050000,-0.313805,1.257754,0.350970,-1.233346,1.252662,0.081655,,,,,,
304,5.066667,-0.312058,1.258076,0.346067,-1.230793,1.253269,0.071981,,,,,,
305,5.083333,-0.310382,1.258275,0.340837,-1.228404,1.254284,0.062273,,,,,,
306,5.100000,-0.308610,1.258590,0.335423,-1.226135,1.255389,0.052436,,,,,,
307,5.116667,-0.306815,1.258815,0.329704,-1.223894,1.256400,0.042455,,,,,,
308,5.133333,-0.304902,1.259142,0.323688,-1.221533,1.257438,0.032514,,,,,,
309,5.150000,-0.303021,1.259463,0.317400,-1.219139,1.257856,0.022296,,,,,,
310,5.166667,-0.301071,1.259632,0.310741,-1.216807,1.258344,0.012035,,,,,,
311,5.183333,-0.299058,1.259915,0.304004,-1.214187,1.258348,0.001585,,,,,,
312,5.200000,-0.297029,1.260206,0.297072,-1.211563,1.258365,-0.008995,,,,,,
313,5.216667,-0.294944,1.260480,0.289933,-1.208808,1.258233,-0.019504,,,,,,
314,5.233333,-0.292857,1.260880,0.282605,-1.206031,1.257844,-0.030155,,,,,,
315,5.250000,-0.290759,1.261166,0.275088,-1.203207,1.257625,-0.040904,,,,,,
316,5.266667,-0.288640,1.261554,0.267358,-1.200437,1.257760,-0.052109,,,,,,
317,5.283333,-0.286548,1.261945,0.259528,-1.197596,1.257586,-0.063326,,,,,,
318,5.300000,-0.284504,1.262399,0.251636,-1.194678,1.257084,-0.074458,,,,,,
319,5.316667,-0.282429,1.262760,0.243559,-1.191649,1.256693,-0.085484,,,,,,
320,5.333333,-0.280279,1.263398,0.235556,-1.188641,1.256482,-0.096858,,,,,,
321,5.350000,-0.278233,1.263809,0.227255,-1.185697,1.256333,-0.108285,,,,,,
322,5.366667,-0.276329,1.264346,0.218907,-1.182652,1.256102,-0.119623,,,,,,
323,5.383333,-0.274187,1.264960,0.210431,-1.179577,1.255536,-0.130805,,,,,,
324,5.400000,-0.272161,1.265557,0.202014,-1.176497,1.255129,-0.141877,,,,,,
325,5.416667,-0.270180,1.266009,0.193513,-1.173332,1.254948,-0.153057,,,,,,
326,5.433333,-0.268097,1.266287,0.185171,-1.170131,1.254637,-0.164482,,,,,,
327,5.450000,-0.266130,1.266730,0.176448,-1.169235,1.260480,-0.171187,,,,,,
328,5.466667,-0.264211,1.266972,0.167699,-1.163583,1.253603,-0.187117,,,,,,
329,5.483333,-0.262238,1.267296,0.158913,-1.160173,1.253050,-0.198239,,,,,,
330,5.500000,-0.260234,1.267592,0.150048,-1.157010,1.252499,-0.209389,,,,,,
331,5.516667,-0.258338,1.267717,0.141256,-1.153760,1.252020,-0.220596,,,,,,
332,5.533333,-0.256414,1.267803,0.132463,-1.150621,1.251478,-0.232021,,,,,,
333,5.550000,-0.254506,1.267862,0.123669,-1.147746,1.250927,-0.243242,,,,,,
334,5.566667,-0.252486,1.267519,0.115003,-1.144775,1.250424,-0.254367,,,,,,
335,5.583333,-0.250767,1.267879,0.106113,-1.141885,1.249723,-0.265375,,,,,,
336,5.600000,-0.248772,1.267393,0.097480,-1.139136,1.248986,-0.276166,,,,,,
337,5.616667,-0.246976,1.267217,0.088720,-1.136396,1.248041,-0.286597,,,,,,
338,5.633333,-0.245168,1.267565,0.079668,-1.133659,1.247003,-0.296708,,,,,,
339,5.650000,-0.243291,1.267407,0.070832,-1.130878,1.246097,-0.306038,,,,,,
340,5.666667,-0.241326,1.267243,0.061902,-1.128012,1.245352,-0.314736,,,,,,
341,5.683333,-0.239417,1.267011,0.053111,-1.125272,1.244869,-0.322962,,,,,,
342,5.700000,-0.237455,1.266824,0.044270,-1.122428,1.244239,-0.330405,,,,,,
343,5.716667,-0.235529,1.266574,0.035375,-1.119657,1.243833,-0.337211,,,,,,
344,5.733333,-0.233619,1.266346,0.026486,-1.116993,1.243713,-0.343597,,,,,,
345,5.750000,-0.231464,1.266065,0.017383,-1.114681,1.244524,-0.349495,,,,,,
346,5.766667,-0.229393,1.265787,0.008058,-1.112268,1.245873,-0.354490,,,,,,
347,5.783333,-0.226837,1.265609,-0.001432,-1.109903,1.247660,-0.358760,,,,,,
348,5.800000,-0.224590,1.265300,-0.010818,-1.107660,1.250005,-0.362170,,,,,,
349,5.816667,-0.222539,1.264839,-0.019983,-1.105425,1.253114,-0.364807,,,,,,
350,5.833333,-0.220217,1.264507,-0.029482,-1.103136,1.256884,-0.366626,,,,,,
351,5.850000,-0.217722,1.264098,-0.039113,-1.101044,1.261001,-0.367609,,,,,,
352,5.866667,-0.215170,1.263731,-0.048949,-1.098942,1.266327,-0.367967,,,,,,
353,5.883333,-0.212650,1.263394,-0.058928,-1.096978,1.272885,-0.367668,,,,,,
354,5.900000,-0.209906,1.262991,-0.068878,-1.095157,1.280290,-0.366657,,,,,,
355,5.916667,-0.207105,1.262607,-0.078809,-1.093514,1.288186,-0.365101,,,,,,
356,5.933333,-0.204211,1.261895,-0.088690,-1.091953,1.296550,-0.363164,,,,,,
357,5.950000,-0.201218,1.262215,-0.099156,-1.090654,1.305145,-0.361543,,,,,,
358,5.966667,-0.198574,1.261923,-0.109106,-1.089683,1.313982,-0.360262,,,,,,
359,5.983333,-0.195651,1.262107,-0.119309,-1.088705,1.322636,-0.358867,,,,,,
360,6.000000,-0.192597,1.262316,-0.129481,-1.087834,1.331475,-0.356840,,,,,,
361,6.016667,-0.189822,1.262932,-0.139586,-1.086978,1.340312,-0.354659,,,,,,
362,6.033333,-0.186838,1.263560,-0.149694,-1.086370,1.349462,-0.352848,,,,,,
363,6.050000,-0.183833,1.264740,-0.159741,-1.086277,1.358914,-0.351969,,,,,,
364,6.066667,-0.180781,1.266236,-0.169589,-1.086328,1.368122,-0.351176,,,,,,
365,6.083333,-0.177524,1.268217,-0.179722,-1.086545,1.377406,-0.350150,,,,,,
366,6.100000,-0.174463,1.270690,-0.189176,-1.086987,1.387142,-0.349220,,,,,,
367,6.116667,-0.171600,1.273578,-0.198678,-1.087564,1.397110,-0.348609,,,,,,
368,6.133333,-0.168686,1.277015,-0.207939,-1.088254,1.406695,-0.348279,,,,,,
369,6.150000,-0.165796,1.280922,-0.216952,-1.088905,1.415626,-0.348125,,,,,,
370,6.166667,-0.163054,1.285491,-0.225461,-1.092646,1.431495,-0.341607,,,,,,
371,6.183333,-0.160299,1.290481,-0.233989,-1.090092,1.433002,-0.347906,,,,,,
372,6.200000,-0.157801,1.296057,-0.242161,-1.090483,1.441463,-0.347741,,,,,,
373,6.216667,-0.155239,1.302102,-0.249866,-1.090641,1.449423,-0.347522,,,,,,
374,6.233333,-0.152849,1.308462,-0.257383,-1.093824,1.464019,-0.341076,,,,,,
375,6.250000,-0.150631,1.315502,-0.264398,-1.090575,1.464110,-0.347837,,,,,,
376,6.266667,-0.148413,1.322727,-0.271208,-1.090340,1.470725,-0.347923,,,,,,
377,6.283333,-0.146387,1.330396,-0.277585,-1.089839,1.477507,-0.347364,,,,,,
378,6.300000,-0.144524,1.338269,-0.283580,-1.089547,1.484269,-0.346825,,,,,,
379,6.316667,-0.142755,1.346357,-0.289020,-1.089014,1.490766,-0.346594,,,,,,
380,6.333333,-0.141115,1.354366,-0.294285,-1.088496,1.497262,-0.346086,,,,,,
381,6.350000,-0.139615,1.362640,-0.299073,-1.087860,1.503443,-0.345602,,,,,,
382,6.366667,-0.138187,1.370715,-0.303683,-1.087576,1.510360,-0.345147,,,,,,
383,6.383333,-0.136857,1.378849,-0.307827,-1.087445,1.517707,-0.344607,,,,,,
384,6.400000,-0.135763,1.386787,-0.311629,-1.087486,1.525835,-0.343773,,,,,,
385,6.416667,-0.134466,1.394406,-0.315183,-1.087716,1.532871,-0.344014,,,,,,
386,6.433333,-0.133370,1.401926,-0.318356,-1.088080,1.540448,-0.343503,,,,,,
387,6.450000,-0.132484,1.409356,-0.321301,-1.088560,1.547918,-0.342530,,,,,,
388,6.466667,-0.131750,1.416567,-0.323838,-1.088920,1.554848,-0.341495,,,,,,
389,6.483333,-0.130794,1.423402,-0.326364,-1.089439,1.561652,-0.340638,,,,,,
390,6.500000,-0.129918,1.430351,-0.328345,-1.090035,1.568176,-0.339826,,,,,,
391,6.516667,-0.129118,1.436548,-0.330469,-1.094221,1.581470,-0.332502,,,,,,
392,6.533333,-0.128465,1.442823,-0.332262,-1.091327,1.580436,-0.338290,,,,,,
393,6.550000,-0.127552,1.448799,-0.333822,-1.095920,1.593137,-0.330620,,,,,,
394,6.566667,-0.126955,1.454656,-0.335290,-1.096635,1.598263,-0.329581,,,,,,
395,6.583333,-0.126288,1.460361,-0.336525,-1.093003,1.595235,-0.335153,,,,,,
396,6.600000,-0.125647,1.466119,-0.337632,-1.093516,1.599336,-0.333864,,,,,,
397,6.616667,-0.124889,1.471693,-0.338798,-1.093975,1.602487,-0.333035,,,,,,
398,6.633333,-0.124119,1.477534,-0.339627,-1.094540,1.605110,-0.332443,,,,,,
399,6.650000,-0.123427,1.483555,-0.340331,-1.095024,1.607074,-0.331741,,,,,,
400,6.666667,-0.122861,1.489536,-0.341076,-1.095492,1.608372,-0.330720,,,,,,
401,6.683333,-0.122389,1.496360,-0.341933,-1.095893,1.609030,-0.330263,,,,,,
402,6.700000,-0.121644,1.503020,-0.342367,-1.096497,1.608886,-0.331045,,,,,,
403,6.716667,-0.120799,1.509340,-0.342567,-1.096827,1.607921,-0.332226,,,,,,
404,6.733333,-0.120293,1.516566,-0.343225,-1.097176,1.605993,-0.333611,,,,,,
405,6.750000,-0.119609,1.523593,-0.343463,-1.097465,1.603579,-0.335502,,,,,,
406,6.766667,-0.118979,1.530432,-0.343900,-1.098056,1.600725,-0.337930,,,,,,
407,6.783333,-0.118045,1.536686,-0.343925,-1.098788,1.597446,-0.340128,,,,,,
408,6.800000,-0.117333,1.543371,-0.344247,-1.103328,1.601049,-0.335453,,,,,,
409,6.816667,-0.116607,1.549706,-0.344504,-1.103611,1.596550,-0.337462,,,,,,
410,6.833333,-0.115966,1.555553,-0.344938,-1.103906,1.591996,-0.339233,,,,,,
411,6.850000,-0.115264,1.561230,-0.345188,-1.104011,1.586743,-0.341335,,,,,,
412,6.866667,-0.114655,1.566444,-0.345505,-1.100434,1.573755,-0.350158,,,,,,
413,6.883333,-0.113901,1.571254,-0.345754,-1.100571,1.568161,-0.350992,,,,,,
414,6.900000,-0.113174,1.575319,-0.346225,-1.101150,1.562292,-0.352852,,,,,,
415,6.916667,-0.112415,1.579104,-0.346447,-1.101944,1.557253,-0.354144,,,,,,
416,6.933333,-0.111430,1.582275,-0.346873,-1.102939,1.551887,-0.355490,,,,,,
417,6.950000,-0.110752,1.584698,-0.347254,-1.103837,1.546183,-0.356670,,,,,,
418,6.966667,-0.110115,1.586531,-0.347703,-1.104552,1.540572,-0.357540,,,,,,
419,6.983333,-0.109307,1.587780,-0.348205,-1.105445,1.534917,-0.358079,,,,,,
420,7.000000,-0.108602,1.588449,-0.348822,-1.106276,1.529024,-0.358642,,,,,,
421,7.016667,-0.107920,1.588443,-0.349349,-1.107221,1.522729,-0.359657,,,,,,
422,7.033333,-0.107194,1.587863,-0.350032,-1.108156,1.516224,-0.360434,,,,,,
423,7.050000,-0.106637,1.586712,-0.350676,-1.109061,1.509715,-0.360869,,,,,,
424,7.066667,-0.106143,1.585100,-0.351370,-1.110154,1.503298,-0.361081,,,,,,
425,7.083333,-0.105551,1.583020,-0.352094,-1.111504,1.496664,-0.361709,,,,,,
426,7.100000,-0.104995,1.580439,-0.353043,-1.112849,1.489705,-0.362166,,,,,,
427,7.116667,-0.104340,1.577518,-0.353904,-1.113897,1.482534,-0.362298,,,,,,
428,7.133333,-0.103959,1.574462,-0.354782,-1.114859,1.475042,-0.362034,,,,,,
429,7.150000,-0.103698,1.571339,-0.356162,-1.115526,1.467048,-0.361381,,,,,,
430,7.166667,-0.102843,1.567371,-0.356880,-1.115973,1.458393,-0.360384,,,,,,
431,7.183333,-0.102385,1.563669,-0.358049,-1.116187,1.449282,-0.359009,,,,,,
432,7.200000,-0.102120,1.559749,-0.359218,-1.116259,1.440118,-0.356991,,,,,,
433,7.216667,-0.101647,1.555986,-0.360403,-1.116043,1.430869,-0.354522,,,,,,
434,7.233333,-0.101528,1.551913,-0.361789,-1.115763,1.421720,-0.351405,,,,,,
435,7.250000,-0.101273,1.548162,-0.363021,-1.115246,1.412485,-0.347425,,,,,,
436,7.266667,-0.101061,1.544434,-0.364192,-1.114594,1.402913,-0.343034,,,,,,
437,7.283333,-0.101010,1.540783,-0.365806,-1.114057,1.393135,-0.338195,,,,,,
438,7.300000,-0.100880,1.536474,-0.366976,-1.113283,1.383002,-0.333034,,,,,,
439,7.316667,-0.101089,1.532444,-0.368483,-1.112436,1.372821,-0.327138,,,,,,
440,7.333333,-0.101116,1.528381,-0.369740,-1.111449,1.362605,-0.320414,,,,,,
441,7.350000,-0.101226,1.524266,-0.371181,-1.110512,1.352479,-0.313061,,,,,,
442,7.366667,-0.101338,1.520352,-0.372631,-1.109538,1.342636,-0.305156,,,,,,
443,7.383333,-0.101454,1.515400,-0.373659,-1.108660,1.332705,-0.296489,,,,,,
444,7.400000,-0.101701,1.510612,-0.374835,-1.107986,1.322985,-0.287668,,,,,,
445,7.416667,-0.102096,1.505561,-0.375860,-1.107076,1.313197,-0.277938,,,,,,
446,7.433333,-0.102439,1.499974,-0.377018,-1.106140,1.303538,-0.267755,,,,,,
447,7.450000,-0.103090,1.494487,-0.378189,-1.105270,1.293777,-0.257283,,,,,,
448,7.466667,-0.103313,1.487814,-0.378687,-1.104361,1.284118,-0.246335,,,,,,
449,7.483333,-0.103785,1.481187,-0.379274,-1.103547,1.274858,-0.234847,,,,,,
450,7.500000,-0.104201,1.474102,-0.379775,-1.102663,1.265658,-0.223009,,,,,,
451,7.516667,-0.104840,1.467103,-0.380287,-1.101795,1.256769,-0.210402,,,,,,
452,7.533333,-0.105181,1.458859,-0.380342,-1.100876,1.248177,-0.196992,,,,,,
453,7.550000,-0.105762,1.450740,-0.380179,-1.100181,1.239839,-0.183329,,,,,,
454,7.566667,-0.106329,1.442381,-0.379722,-1.099694,1.231376,-0.169916,,,,,,
455,7.583333,-0.106934,1.433596,-0.378922,-1.099616,1.223022,-0.156684,,,,,,
456,7.600000,-0.107227,1.424049,-0.378365,-1.099448,1.214822,-0.142807,,,,,,
457,7.616667,-0.108056,1.415514,-0.376886,-1.099454,1.207038,-0.128533,,,,,,
458,7.633333,-0.108526,1.406285,-0.375670,-1.099607,1.199089,-0.113650,,,,,,
459,7.650000,-0.109084,1.397074,-0.374068,-1.099965,1.191671,-0.098931,,,,,,
460,7.666667,-0.109232,1.387085,-0.372406,-1.100751,1.184927,-0.084168,,,,,,
461,7.683333,-0.110045,1.378454,-0.369693,-1.101557,1.178718,-0.068954,,,,,,
462,7.700000,-0.110398,1.369280,-0.367046,-1.102435,1.172616,-0.053300,,,,,,
463,7.716667,-0.110852,1.360188,-0.364062,-1.103644,1.166632,-0.037582,,,,,,
464,7.733333,-0.111202,1.351464,-0.360634,-1.105095,1.161130,-0.022035,,,,,,
465,7.750000,-0.111766,1.342890,-0.356829,-1.106952,1.156191,-0.006483,,,,,,
466,7.766667,-0.112181,1.334445,-0.352506,-1.108868,1.151970,0.009316,,,,,,
467,7.783333,-0.112687,1.326270,-0.347652,-1.111068,1.147973,0.025038,,,,,,
468,7.800000,-0.113199,1.318243,-0.342369,-1.113491,1.144547,0.040887,,,,,,
469,7.816667,-0.113479,1.310507,-0.336901,-1.116370,1.141896,0.056511,,,,,,
470,7.833333,-0.113868,1.303011,-0.330977,-1.119422,1.140086,0.072335,,,,,,
471,7.850000,-0.114148,1.295668,-0.324844,-1.122897,1.139028,0.087773,,,,,,
472,7.866667,-0.114578,1.288468,-0.317982,-1.126492,1.138625,0.103034,,,,,,
473,7.883333,-0.114857,1.281539,-0.310667,-1.130372,1.138867,0.118198,,,,,,
474,7.900000,-0.115255,1.274615,-0.303106,-1.134426,1.139911,0.133015,,,,,,
475,7.916667,-0.115672,1.268028,-0.295077,-1.138631,1.141615,0.147569,,,,,,
476,7.933333,-0.115971,1.261528,-0.286802,-1.143026,1.143906,0.161343,,,,,,
477,7.950000,-0.116389,1.255247,-0.278084,-1.147554,1.146773,0.174717,,,,,,
478,7.966667,-0.116700,1.249012,-0.269052,-1.152319,1.150488,0.187658,,,,,,
479,7.983333,-0.117105,1.243168,-0.259448,-1.157248,1.155002,0.199994,,,,,,
480,8.000000,-0.117526,1.237295,-0.249500,-1.162311,1.160070,0.211663,,,,,,
481,8.016667,-0.117943,1.231588,-0.239349,-1.167423,1.165673,0.222679,,,,,,
482,8.033333,-0.118487,1.226140,-0.228903,-1.172661,1.171666,0.233282,,,,,,
483,8.050000,-0.119048,1.221087,-0.218062,-1.177811,1.177711,0.243283,,,,,,
484,8.066667,-0.119566,1.216181,-0.206880,-1.182893,1.183978,0.252523,,,,,,
485,8.083333,-0.120332,1.211539,-0.195389,-1.187898,1.190488,0.261106,,,,,,
486,8.100000,-0.121057,1.207420,-0.183606,-1.192792,1.197245,0.268826,,,,,,
487,8.116667,-0.121934,1.203576,-0.171755,-1.197687,1.204274,0.275973,,,,,,
488,8.133333,-0.122823,1.200173,-0.159684,-1.202546,1.211647,0.282761,,,,,,
489,8.150000,-0.123709,1.197388,-0.147387,-1.207241,1.219240,0.288868,,,,,,
490,8.166667,-0.125210,1.195049,-0.134533,-1.211608,1.226870,0.294162,,,,,,
491,8.183333,-0.126398,1.193352,-0.121767,-1.215651,1.234222,0.298576,,,,,,
492,8.200000,-0.127874,1.192311,-0.108967,-1.219414,1.241428,0.302263,,,,,,
493,8.216667,-0.129279,1.191729,-0.096136,-1.223073,1.248677,0.305387,,,,,,
494,8.233333,-0.130333,1.191825,-0.083614,-1.226573,1.256356,0.308092,,,,,,
495,8.250000,-0.132254,1.192487,-0.070485,-1.229818,1.264510,0.310140,,,,,,
496,8.266667,-0.134093,1.193979,-0.057651,-1.232768,1.272521,0.311515,,,,,,
497,8.283333,-0.135986,1.195964,-0.044735,-1.235406,1.280181,0.312303,,,,,,
498,8.300000,-0.137828,1.198787,-0.032060,-1.237776,1.287248,0.313119,,,,,,
499,8.316667,-0.139965,1.202182,-0.019351,-1.239966,1.294045,0.313749,,,,,,
500,8.333333,-0.142352,1.205762,-0.006762,-1.241888,1.301090,0.313698,,,,,,
501,8.350000,-0.144980,1.209867,0.005866,-1.243511,1.307845,0.313491,,,,,,
502,8.366667,-0.147243,1.214586,0.017878,-1.245022,1.314506,0.312737,,,,,,
503,8.383333,-0.149878,1.219412,0.029927,-1.246153,1.321103,0.311748,,,,,,
504,8.400000,-0.152860,1.224486,0.042082,-1.247349,1.327894,0.310650,,,,,,
505,8.416667,-0.155313,1.230101,0.053569,-1.248378,1.334436,0.309060,,,,,,
506,8.433333,-0.158038,1.235654,0.064993,-1.248972,1.340930,0.306892,,,,,,
507,8.450000,-0.161119,1.241053,0.076399,-1.249565,1.347680,0.304317,,,,,,
508,8.466667,-0.163766,1.246912,0.087146,-1.250077,1.354435,0.301703,,,,,,
509,8.483333,-0.166907,1.252333,0.097850,-1.250484,1.360993,0.299032,,,,,,
510,8.500000,-0.169680,1.257886,0.108154,-1.250761,1.367661,0.296182,,,,,,
511,8.516667,-0.172589,1.263309,0.118096,-1.251175,1.374460,0.293285,,,,,,
512,8.533333,-0.175337,1.268639,0.127731,-1.251503,1.381148,0.290538,,,,,,
513,8.550000,-0.178196,1.273816,0.137028,-1.251812,1.387636,0.287683,,,,,,
514,8.566667,-0.180981,1.278932,0.146082,-1.252049,1.393973,0.284636,,,,,,
515,8.583333,-0.183725,1.284058,0.154689,-1.252123,1.400146,0.281672,,,,,,
516,8.600000,-0.186424,1.289221,0.162918,-1.252509,1.406471,0.278906,,,,,,
517,8.616667,-0.189021,1.294268,0.170762,-1.252869,1.412815,0.276195,,,,,,
518,8.633333,-0.191543,1.299282,0.178143,-1.253237,1.418945,0.273616,,,,,,
519,8.650000,-0.193989,1.304282,0.185264,-1.253559,1.424901,0.270882,,,,,,
520,8.666667,-0.196347,1.309375,0.191913,-1.253558,1.430298,0.268220,,,,,,
521,8.683333,-0.198662,1.314438,0.198190,-1.253688,1.435262,0.265623,,,,,,
522,8.700000,-0.200608,1.319872,0.203947,-1.253735,1.440194,0.263113,,,,,,
523,8.716667,-0.202925,1.324894,0.209629,-1.253940,1.445543,0.260315,,,,,,
524,8.733333,-0.205104,1.330077,0.214757,-1.254021,1.450538,0.257588,,,,,,
525,8.750000,-0.207050,1.335461,0.219528,-1.254186,1.454963,0.255100,,,,,,
526,8.766667,-0.208958,1.340893,0.224018,-1.254208,1.459128,0.252718,,,,,,
527,8.783333,-0.210798,1.346488,0.228001,-1.254353,1.463045,0.250988,,,,,,
528,8.800000,-0.212431,1.352152,0.231599,-1.254736,1.466643,0.249578,,,,,,
529,8.816667,-0.214039,1.357854,0.234954,-1.255061,1.470014,0.248218,,,,,,
530,8.833333,-0.215695,1.363629,0.238011,-1.255465,1.473688,0.246398,,,,,,
531,8.850000,-0.217172,1.369540,0.240798,-1.255770,1.477220,0.244551,,,,,,
532,8.866667,-0.218535,1.375421,0.243241,-1.256244,1.480373,0.242966,,,,,,
533,8.883333,-0.219882,1.381279,0.245419,-1.256840,1.483323,0.241837,,,,,,
534,8.900000,-0.221048,1.386767,0.247505,-1.257487,1.486538,0.240604,,,,,,
535,8.916667,-0.222233,1.392482,0.249140,-1.258261,1.489651,0.239389,,,,,,
536,8.933333,-0.223600,1.398716,0.250389,-1.258886,1.492277,0.238288,,,,,,
537,8.950000,-0.224336,1.404735,0.251652,-1.259487,1.494851,0.236939,,,,,,
538,8.966667,-0.225529,1.410302,0.252486,-1.260076,1.497416,0.235449,,,,,,
539,8.983333,-0.226979,1.415419,0.253223,-1.260767,1.499716,0.234446,,,,,,
540,9.000000,-0.227990,1.420807,0.253804,-1.261399,1.502223,0.232883,,,,,,
541,9.016667,-0.228948,1.426093,0.254345,-1.261938,1.504686,0.230534,,,,,,
542,9.033333,-0.229671,1.431334,0.254568,-1.262257,1.506898,0.228245,,,,,,
543,9.050000,-0.230693,1.436165,0.254749,-1.262938,1.509154,0.226089,,,,,,
544,9.066667,-0.231883,1.440489,0.254931,-1.263621,1.511308,0.223853,,,,,,
545,9.083333,-0.232854,1.444906,0.254993,-1.263840,1.512886,0.221285,,,,,,
546,9.100000,-0.233900,1.449035,0.254863,-1.264094,1.514410,0.218661,,,,,,
547,9.116667,-0.234841,1.452995,0.254783,-1.264268,1.515928,0.215540,,,,,,
548,9.133333,-0.235826,1.456687,0.254645,-1.264249,1.517069,0.212507,,,,,,
549,9.150000,-0.236668,1.460107,0.254321,-1.264109,1.517481,0.209873,,,,,,
550,9.166667,-0.237668,1.463387,0.254078,-1.263908,1.517353,0.207202,,,,,,
551,9.183333,-0.238414,1.466764,0.253608,-1.263230,1.516877,0.204388,,,,,,
552,9.200000,-0.239429,1.469804,0.253247,-1.262259,1.515874,0.201761,,,,,,
553,9.216667,-0.240461,1.472595,0.252834,-1.261274,1.514714,0.198895,,,,,,
554,9.233333,-0.241766,1.475060,0.252425,-1.260195,1.513545,0.196079,,,,,,
555,9.250000,-0.242810,1.477775,0.251941,-1.259102,1.511968,0.193320,,,,,,
556,9.266667,-0.243831,1.480404,0.251408,-1.258041,1.510220,0.191123,,,,,,
557,9.283333,-0.244881,1.483024,0.250836,-1.257127,1.507924,0.189621,,,,,,
558,9.300000,-0.245922,1.485661,0.250325,-1.255938,1.505164,0.188301,,,,,,
559,9.316667,-0.246996,1.488261,0.249705,-1.254653,1.501944,0.186873,,,,,,
560,9.333333,-0.248046,1.490810,0.249140,-1.253380,1.498209,0.185896,,,,,,
561,9.350000,-0.248793,1.493684,0.248521,-1.252007,1.494035,0.185164,,,,,,
562,9.366667,-0.249864,1.496062,0.247876,-1.250620,1.489951,0.184095,,,,,,
563,9.383333,-0.251188,1.497989,0.247107,-1.249138,1.485538,0.183150,,,,,,
564,9.400000,-0.252158,1.500174,0.246363,-1.247339,1.480538,0.182242,,,,,,
565,9.416667,-0.252743,1.502557,0.245622,-1.245650,1.475158,0.181683,,,,,,
566,9.433333,-0.253934,1.503253,0.245319,-1.243815,1.469430,0.181523,,,,,,
567,9.450000,-0.254902,1.505651,0.244027,-1.241936,1.463508,0.180989,,,,,,
568,9.466667,-0.255767,1.506908,0.243220,-1.239600,1.457223,0.180191,,,,,,
569,9.483333,-0.256627,1.507898,0.242308,-1.237048,1.450380,0.178734,,,,,,
570,9.500000,-0.257225,1.507757,0.241885,-1.234280,1.443519,0.177094,,,,,,
571,9.516667,-0.257794,1.509278,0.240439,-1.231452,1.436456,0.175385,,,,,,
572,9.533333,-0.258376,1.509313,0.239504,-1.228657,1.429170,0.174185,,,,,,
573,9.550000,-0.259321,1.508566,0.238479,-1.225880,1.421325,0.173366,,,,,,
574,9.566667,-0.259753,1.507716,0.237480,-1.222846,1.413447,0.172338,,,,,,
575,9.583333,-0.260203,1.506443,0.236463,-1.219452,1.405535,0.170268,,,,,,
576,9.600000,-0.260454,1.504797,0.235442,-1.215767,1.397323,0.167463,,,,,,
577,9.616667,-0.260725,1.502585,0.234358,-1.211902,1.388621,0.164237,,,,,,
578,9.633333,-0.260903,1.500009,0.233338,-1.207963,1.379926,0.160572,,,,,,
579,9.650000,-0.260676,1.497397,0.232189,-1.203562,1.370802,0.156484,,,,,,
580,9.666667,-0.260727,1.494051,0.231082,-1.198856,1.361013,0.152367,,,,,,
581,9.683333,-0.260838,1.490060,0.230040,-1.193884,1.350859,0.148112,,,,,,
582,9.700000,-0.260575,1.485943,0.228918,-1.188709,1.340701,0.143658,,,,,,
583,9.716667,-0.260301,1.481461,0.227822,-1.183438,1.330476,0.138842,,,,,,
584,9.733333,-0.259856,1.476744,0.226770,-1.178047,1.320251,0.133612,,,,,,
585,9.750000,-0.259431,1.471783,0.225641,-1.172416,1.309636,0.128107,,,,,,
586,9.766667,-0.258674,1.466583,0.224474,-1.166786,1.298830,0.122550,,,,,,
587,9.783333,-0.257989,1.461115,0.223337,-1.160971,1.287969,0.116564,,,,,,
588,9.800000,-0.256958,1.455526,0.222230,-1.155083,1.276962,0.110512,,,,,,
589,9.816667,-0.256033,1.449670,0.220927,-1.149361,1.266306,0.104664,,,,,,
590,9.833333,-0.254652,1.444115,0.219801,-1.143754,1.256029,0.098558,,,,,,
591,9.850000,-0.253842,1.437703,0.218495,-1.138198,1.246294,0.091776,,,,,,
592,9.866667,-0.252488,1.431605,0.217295,-1.132751,1.236749,0.084800,,,,,,
593,9.883333,-0.250983,1.425246,0.215904,-1.127397,1.227314,0.077687,,,,,,
594,9.900000,-0.248990,1.419031,0.214496,-1.122027,1.217881,0.070372,,,,,,
595,9.916667,-0.247515,1.412006,0.213027,-1.116835,1.208788,0.062604,,,,,,
596,9.933333,-0.245599,1.405193,0.211572,-1.111853,1.200216,0.054414,,,,,,
597,9.950000,-0.243750,1.398243,0.209958,-1.107100,1.192383,0.045676,,,,,,
598,9.966667,-0.241619,1.391053,0.208324,-1.102522,1.185376,0.036465,,,,,,
599,9.983333,-0.239262,1.383781,0.206404,-1.098165,1.179018,0.026988,,,,,,
600,10.000000,-0.236485,1.376574,0.204498,-1.093877,1.173289,0.017664,,,,,,
601,10.016667,-0.234133,1.368487,0.202439,-1.089962,1.167817,0.007840,,,,,,
602,10.033333,-0.231401,1.360508,0.200272,-1.086093,1.162615,-0.002282,,,,,,
603,10.050000,-0.228729,1.352460,0.198080,-1.082400,1.158001,-0.012507,,,,,,
604,10.066667,-0.225782,1.344235,0.195681,-1.079215,1.154030,-0.023675,,,,,,
605,10.083333,-0.222467,1.335992,0.193033,-1.075609,1.150203,-0.034243,,,,,,
606,10.100000,-0.219248,1.327608,0.190227,-1.072435,1.147288,-0.045249,,,,,,
607,10.116667,-0.215701,1.318654,0.187537,-1.069445,1.144837,-0.056265,,,,,,
608,10.133333,-0.212067,1.310119,0.184340,-1.066676,1.142381,-0.067304,,,,,,
609,10.150000,-0.208679,1.302056,0.180792,-1.063974,1.140668,-0.078601,,,,,,
610,10.166667,-0.204876,1.293535,0.177257,-1.061569,1.139433,-0.090139,,,,,,
611,10.183333,-0.200995,1.285103,0.173422,-1.059497,1.138573,-0.101692,,,,,,
612,10.200000,-0.196962,1.276768,0.169339,-1.057545,1.138312,-0.113258,,,,,,
613,10.216667,-0.192911,1.268628,0.165012,-1.055805,1.138506,-0.124597,,,,,,
614,10.233333,-0.188709,1.260716,0.160477,-1.054213,1.138826,-0.135298,,,,,,
615,10.250000,-0.184133,1.253302,0.155593,-1.052566,1.139526,-0.145848,,,,,,
616,10.266667,-0.179866,1.245844,0.150425,-1.051413,1.140886,-0.156834,,,,,,
617,10.283333,-0.175741,1.238700,0.145009,-1.050379,1.142462,-0.167435,,,,,,
618,10.300000,-0.171442,1.232106,0.139307,-1.049408,1.144272,-0.177316,,,,,,
619,10.316667,-0.166896,1.226019,0.133171,-1.048437,1.146459,-0.186762,,,,,,
620,10.333333,-0.162563,1.220398,0.126929,-1.047774,1.149072,-0.196103,,,,,,
621,10.350000,-0.157866,1.215547,0.120178,-1.047188,1.151805,-0.205115,,,,,,
622,10.366667,-0.153796,1.210607,0.113406,-1.046649,1.154923,-0.213800,,,,,,
623,10.383333,-0.149465,1.206414,0.106194,-1.046324,1.158487,-0.222334,,,,,,
624,10.400000,-0.144870,1.202868,0.098507,-1.045984,1.162017,-0.230499,,,,,,
625,10.416667,-0.140955,1.199537,0.090822,-1.045777,1.165925,-0.238289,,,,,,
626,10.433333,-0.136848,1.196611,0.082711,-1.045820,1.170289,-0.245882,,,,,,
627,10.450000,-0.132817,1.194210,0.074509,-1.045741,1.174976,-0.252817,,,,,,
628,10.466667,-0.128529,1.192337,0.065754,-1.045673,1.180060,-0.259367,,,,,,
629,10.483333,-0.125032,1.190593,0.057222,-1.045738,1.185180,-0.265763,,,,,,
630,10.500000,-0.121020,1.189458,0.047984,-1.045902,1.190353,-0.271806,,,,,,
631,10.516667,-0.117628,1.188319,0.039031,-1.046049,1.195807,-0.277793,,,,,,
632,10.533333,-0.113831,1.187803,0.029507,-1.046468,1.201849,-0.283561,,,,,,
633,10.550000,-0.110507,1.187264,0.019977,-1.047056,1.208440,-0.289208,,,,,,
634,10.566667,-0.107262,1.186986,0.010502,-1.047731,1.215337,-0.294446,,,,,,
635,10.583333,-0.104131,1.186880,0.000867,-1.048368,1.222493,-0.299392,,,,,,
636,10.600000,-0.101196,1.187153,-0.008900,-1.049039,1.229647,-0.304060,,,,,,
637,10.616667,-0.098587,1.187451,-0.018556,-1.049780,1.236807,-0.308603,,,,,,
638,10.633333,-0.095667,1.188075,-0.028643,-1.050698,1.244194,-0.313328,,,,,,
639,10.650000,-0.093351,1.188907,-0.038297,-1.051631,1.251841,-0.318151,,,,,,
640,10.666667,-0.090708,1.189999,-0.048411,-1.052730,1.259406,-0.322640,,,,,,
641,10.683333,-0.088390,1.191338,-0.058340,-1.053751,1.267194,-0.326710,,,,,,
642,10.700000,-0.086289,1.192891,-0.068248,-1.054849,1.275221,-0.330824,,,,,,
643,10.716667,-0.084606,1.194740,-0.077895,-1.056362,1.283202,-0.334887,,,,,,
644,10.733333,-0.083001,1.197288,-0.087541,-1.058236,1.291440,-0.339186,,,,,,
645,10.750000,-0.081119,1.199809,-0.097404,-1.060187,1.299869,-0.343527,,,,,,
646,10.766667,-0.079606,1.202685,-0.107043,-1.062167,1.307969,-0.347678,,,,,,
647,10.783333,-0.078338,1.205844,-0.116582,-1.064095,1.315860,-0.351573,,,,,,
648,10.800000,-0.077046,1.209336,-0.126102,-1.066156,1.323693,-0.355389,,,,,,
649,10.816667,-0.075892,1.213324,-0.135349,-1.068307,1.331479,-0.358997,,,,,,
650,10.833333,-0.074979,1.217537,-0.144554,-1.070444,1.339389,-0.362314,,,,,,
651,10.850000,-0.074137,1.222161,-0.153446,-1.072709,1.347350,-0.365459,,,,,,
652,10.866667,-0.073462,1.227053,-0.162076,-1.074988,1.355490,-0.368382,,,,,,
653,10.883333,-0.072928,1.231930,-0.170811,-1.077420,1.363536,-0.371171,,,,,,
654,10.900000,-0.072608,1.237407,-0.179212,-1.079865,1.371439,-0.373774,,,,,,
655,10.916667,-0.072187,1.243119,-0.187397,-1.082173,1.378930,-0.375867,,,,,,
656,10.933333,-0.072060,1.249104,-0.195285,-1.084233,1.386154,-0.377468,,,,,,
657,10.950000,-0.071912,1.254869,-0.203219,-1.086193,1.393295,-0.378831,,,,,,
658,10.966667,-0.071915,1.261123,-0.210761,-1.088237,1.400613,-0.380050,,,,,,
659,10.983333,-0.072030,1.267431,-0.218129,-1.090131,1.407807,-0.380967,,,,,,
660,11.000000,-0.072303,1.273817,-0.225313,-1.091833,1.414415,-0.381749,,,,,,
661,11.016667,-0.072612,1.280404,-0.232175,-1.093586,1.420863,-0.382454,,,,,,
662,11.033333,-0.072898,1.287194,-0.238881,-1.095136,1.427178,-0.382623,,,,,,
663,11.050000,-0.073256,1.293722,-0.245491,-1.096544,1.433620,-0.382544,,,,,,
664,11.066667,-0.073858,1.300323,-0.251675,-1.098114,1.440030,-0.382587,,,,,,
665,11.083333,-0.074388,1.306926,-0.257954,-1.099668,1.446043,-0.382678,,,,,,
666,11.100000,-0.074963,1.313670,-0.263817,-1.101056,1.451733,-0.382451,,,,,,
667,11.116667,-0.075719,1.320304,-0.269537,-1.102370,1.457465,-0.382017,,,,,,
668,11.133333,-0.076355,1.326927,-0.275238,-1.103525,1.463153,-0.381224,,,,,,
669,11.150000,-0.077117,1.333407,-0.280672,-1.104706,1.468505,-0.380717,,,,,,
670,11.166667,-0.078008,1.340463,-0.286157,-1.105774,1.473247,-0.380267,,,,,,
671,11.183333,-0.078670,1.346558,-0.290902,-1.106867,1.477778,-0.379954,,,,,,
672,11.200000,-0.079593,1.353158,-0.295744,-1.107827,1.482227,-0.379396,,,,,,
673,11.216667,-0.080403,1.359692,-0.300462,-1.108758,1.486511,-0.378726,,,,,,
674,11.233333,-0.081423,1.366470,-0.305267,-1.109836,1.490794,-0.378216,,,,,,
675,11.250000,-0.082326,1.372518,-0.309381,-1.110736,1.494504,-0.377656,,,,,,
676,11.266667,-0.083391,1.379285,-0.313714,-1.111506,1.497912,-0.377260,,,,,,
677,11.283333,-0.084208,1.385103,-0.317596,-1.112316,1.501255,-0.376812,,,,,,
678,11.300000,-0.085033,1.391443,-0.321422,-1.112720,1.504199,-0.375985,,,,,,
679,11.316667,-0.086333,1.398023,-0.325436,-1.112917,1.506777,-0.375081,,,,,,
680,11.333333,-0.087210,1.404037,-0.329111,-1.113313,1.509442,-0.374121,,,,,,
681,11.350000,-0.088072,1.409731,-0.332141,-1.113891,1.512180,-0.373620,,,,,,
682,11.366667,-0.088926,1.415621,-0.335493,-1.114718,1.514704,-0.373301,,,,,,
683,11.383333,-0.089938,1.421480,-0.338587,-1.115146,1.516690,-0.372865,,,,,,
684,11.400000,-0.090771,1.427092,-0.341593,-1.115494,1.518445,-0.372265,,,,,,
685,11.416667,-0.091729,1.432600,-0.344462,-1.116016,1.520325,-0.372114,,,,,,
686,11.433333,-0.092686,1.437994,-0.347168,-1.116758,1.522063,-0.372251,,,,,,
687,11.450000,-0.093654,1.443096,-0.349844,-1.117306,1.523511,-0.372143,,,,,,
688,11.466667,-0.094429,1.448304,-0.352198,-1.117716,1.525019,-0.371806,,,,,,
689,11.483333,-0.095436,1.453259,-0.354568,-1.117878,1.526229,-0.371402,,,,,,
690,11.500000,-0.096176,1.458113,-0.356677,-1.117847,1.527019,-0.370802,,,,,,
691,11.516667,-0.097249,1.462846,-0.359121,-1.117942,1.527891,-0.370388,,,,,,
692,11.533333,-0.098059,1.467349,-0.361017,-1.117997,1.528678,-0.370100,,,,,,
693,11.550000,-0.098886,1.471551,-0.362882,-1.117825,1.529040,-0.369618,,,,,,
694,11.566667,-0.099594,1.475484,-0.364548,-1.117711,1.529315,-0.369227,,,,,,
695,11.583333,-0.100494,1.478947,-0.366201,-1.117681,1.529640,-0.368927,,,,,,
696,11.600000,-0.101051,1.482130,-0.367418,-1.117602,1.530025,-0.368449,,,,,,
697,11.616667,-0.102058,1.485794,-0.369165,-1.117369,1.530218,-0.367801,,,,,,
698,11.633333,-0.102551,1.488438,-0.370213,-1.117118,1.530391,-0.367104,,,,,,
699,11.650000,-0.103545,1.491653,-0.371835,-1.116865,1.530381,-0.366624,,,,,,
700,11.666667,-0.103997,1.494438,-0.372967,-1.116492,1.530285,-0.366054,,,,,,
701,11.683333,-0.104310,1.496764,-0.373774,-1.116281,1.530431,-0.365417,,,,,,
702,11.700000,-0.105049,1.499755,-0.375034,-1.116050,1.530783,-0.364839,,,,,,
703,11.716667,-0.105522,1.501727,-0.375775,-1.115696,1.530885,-0.364123,,,,,,
704,11.733333,-0.106237,1.504459,-0.376890,-1.115439,1.530883,-0.363624,,,,,,
705,11.750000,-0.106503,1.506457,-0.377370,-1.115288,1.531140,-0.363035,,,,,,
706,11.766667,-0.106914,1.508593,-0.378125,-1.114976,1.531483,-0.362403,,,,,,
707,11.783333,-0.107655,1.510874,-0.379176,-1.114808,1.531620,-0.362030,,,,,,
708,11.800000,-0.107979,1.512862,-0.379762,-1.114797,1.531963,-0.361691,,,,,,
709,11.816667,-0.108393,1.514729,-0.380389,-1.114902,1.532533,-0.361585,,,,,,
710,11.833333,-0.108796,1.516408,-0.380958,-1.114954,1.532802,-0.361338,,,,,,
711,11.850000,-0.109137,1.518018,-0.381461,-1.114925,1.533041,-0.360878,,,,,,
712,11.866667,-0.109262,1.519224,-0.381628,-1.115044,1.533356,-0.360516,,,,,,
713,11.883333,-0.109754,1.521165,-0.382268,-1.115326,1.533776,-0.360330,,,,,,
714,11.900000,-0.109905,1.522164,-0.382502,-1.115632,1.534157,-0.360281,,,,,,
715,11.916667,-0.110184,1.523251,-0.382947,-1.115958,1.534398,-0.360497,,,,,,
716,11.933333,-0.110629,1.525010,-0.383451,-1.116265,1.534678,-0.360639,,,,,,
717,11.950000,-0.110535,1.525642,-0.383600,-1.116614,1.535093,-0.360636,,,,,,
718,11.966667,-0.110972,1.527170,-0.384005,-1.116984,1.535462,-0.360658,,,,,,
719,11.983333,-0.110925,1.527639,-0.384100,-1.117362,1.535618,-0.360809,,,,,,
720,12.000000,-0.110999,1.528753,-0.384287,-1.117698,1.535812,-0.361078,,,,,,
721,12.016667,-0.111117,1.529415,-0.384513,-1.118251,1.536217,-0.361538,,,,,,
722,12.033333,-0.111193,1.530303,-0.384845,-1.118607,1.536536,-0.361735,,,,,,
723,12.050000,-0.111246,1.531152,-0.384868,-1.118926,1.536720,-0.361887,,,,,,
724,12.066667,-0.111564,1.532216,-0.385365,-1.119301,1.537053,-0.362040,,,,,,
725,12.083333,-0.111331,1.532832,-0.385214,-1.119816,1.537343,-0.362177,,,,,,
726,12.100000,-0.111424,1.533484,-0.385389,-1.120129,1.537606,-0.362157,,,,,,
727,12.116667,-0.111308,1.534414,-0.385522,-1.120544,1.537948,-0.362202,,,,,,
728,12.133333,-0.111744,1.535565,-0.385944,-1.121133,1.538433,-0.362480,,,,,,
729,12.150000,-0.111435,1.535989,-0.385880,-1.121655,1.538960,-0.362708,,,,,,
730,12.166667,-0.111529,1.536807,-0.385984,-1.121891,1.539159,-0.362595,,,,,,
731,12.183333,-0.111662,1.537578,-0.386105,-1.122029,1.539294,-0.362417,,,,,,
732,12.200000,-0.111575,1.538491,-0.386229,-1.122366,1.539555,-0.362598,,,,,,
733,12.216667,-0.111638,1.539743,-0.386530,-1.122926,1.539876,-0.362998,,,,,,
734,12.233333,-0.111610,1.540227,-0.386426,-1.123366,1.540125,-0.363098,,,,,,
735,12.250000,-0.111570,1.540966,-0.386494,-1.123715,1.540485,-0.362906,,,,,,
736,12.266667,-0.111676,1.541822,-0.386701,-1.123886,1.540826,-0.362412,,,,,,
737,12.283333,-0.111783,1.542932,-0.387031,-1.123971,1.541043,-0.361537,,,,,,
738,12.300000,-0.111753,1.543152,-0.386910,-1.123848,1.541207,-0.359879,,,,,,
739,12.316667,-0.111829,1.543809,-0.387143,-1.123561,1.541725,-0.357567,,,,,,
740,12.333333,-0.112137,1.544773,-0.387520,-1.123291,1.542217,-0.354621,,,,,,
741,12.350000,-0.112153,1.545292,-0.387656,-1.122846,1.542578,-0.350980,,,,,,
742,12.366667,-0.112129,1.545382,-0.387563,-1.122097,1.543015,-0.346333,,,,,,
743,12.383333,-0.112545,1.545795,-0.387771,-1.121411,1.543603,-0.340643,,,,,,
744,12.400000,-0.112869,1.546538,-0.388175,-1.120444,1.543981,-0.333815,,,,,,
745,12.416667,-0.112860,1.546930,-0.388216,-1.119528,1.544533,-0.326194,,,,,,
746,12.433333,-0.112898,1.546854,-0.388109,-1.118675,1.545322,-0.317494,,,,,,
747,12.450000,-0.113086,1.547060,-0.388258,-1.117887,1.546011,-0.307842,,,,,,
748,12.466667,-0.113329,1.547335,-0.388379,-1.117054,1.546662,-0.297511,,,,,,
749,12.483333,-0.113557,1.547639,-0.388386,-1.119512,1.553588,-0.280851,,,,,,
750,12.500000,-0.114037,1.548352,-0.388660,-1.115637,1.547321,-0.275936,,,,,,
751,12.516667,-0.114280,1.548672,-0.388561,-1.115216,1.547653,-0.264219,,,,,,
752,12.533333,-0.114637,1.549102,-0.388412,-1.118397,1.554680,-0.245819,,,,,,
753,12.550000,-0.114658,1.549136,-0.388048,-1.115435,1.548885,-0.238893,,,,,,
754,12.566667,-0.114870,1.549625,-0.387846,-1.116008,1.549857,-0.225498,,,,,,
755,12.583333,-0.115273,1.550137,-0.387520,-1.116788,1.550732,-0.211441,,,,,,
756,12.600000,-0.115559,1.550583,-0.386995,-1.117512,1.551242,-0.197083,,,,,,
757,12.616667,-0.115945,1.551113,-0.386255,-1.118473,1.551408,-0.182428,,,,,,
758,12.633333,-0.116078,1.551703,-0.385394,-1.119915,1.551787,-0.167529,,,,,,
759,12.650000,-0.116472,1.552289,-0.384356,-1.121813,1.552209,-0.152419,,,,,,
760,12.666667,-0.116794,1.552894,-0.383249,-1.123927,1.552668,-0.137435,,,,,,
761,12.683333,-0.117163,1.553516,-0.381794,-1.126690,1.553121,-0.122905,,,,,,
762,12.700000,-0.117397,1.554304,-0.380122,-1.129538,1.553264,-0.108551,,,,,,
763,12.716667,-0.117892,1.555034,-0.377921,-1.132421,1.553020,-0.094707,,,,,,
764,12.733333,-0.118647,1.556040,-0.375153,-1.135389,1.552213,-0.081617,,,,,,
765,12.750000,-0.118748,1.556581,-0.372990,-1.138248,1.551133,-0.069091,,,,,,
766,12.766667,-0.118903,1.557647,-0.370097,-1.141305,1.550174,-0.057668,,,,,,
767,12.783333,-0.119600,1.558814,-0.366447,-1.144252,1.549269,-0.047049,,,,,,
768,12.800000,-0.119520,1.558633,-0.363885,-1.147197,1.548531,-0.037130,,,,,,
769,12.816667,-0.119774,1.559376,-0.360240,-1.150086,1.547595,-0.028023,,,,,,
770,12.833333,-0.120119,1.560004,-0.356211,-1.152933,1.546670,-0.019761,,,,,,
771,12.850000,-0.120336,1.560601,-0.351910,-1.155626,1.545963,-0.012180,,,,,,
772,12.866667,-0.121325,1.562071,-0.346808,-1.158233,1.545153,-0.005086,,,,,,
773,12.883333,-0.121647,1.562509,-0.342081,-1.160639,1.544208,0.001685,,,,,,
774,12.900000,-0.121869,1.562836,-0.337334,-1.163025,1.543335,0.007965,,,,,,
775,12.916667,-0.121804,1.562998,-0.332590,-1.165250,1.542539,0.013885,,,,,,
776,12.933333,-0.122061,1.563168,-0.327424,-1.167493,1.541791,0.019464,,,,,,
777,12.950000,-0.122313,1.563253,-0.322237,-1.169610,1.541004,0.024745,,,,,,
778,12.966667,-0.122393,1.563420,-0.316716,-1.171586,1.540104,0.030046,,,,,,
779,12.983333,-0.122621,1.563424,-0.311280,-1.173460,1.538950,0.035323,,,,,,
780,13.000000,-0.122841,1.563246,-0.305835,-1.175216,1.537776,0.040488,,,,,,
781,13.016667,-0.122924,1.563101,-0.300265,-1.177062,1.536868,0.045463,,,,,,
782,13.033333,-0.123049,1.562953,-0.294815,-1.178848,1.536010,0.050250,,,,,,
783,13.050000,-0.123049,1.562708,-0.289340,-1.180539,1.535047,0.054994,,,,,,
784,13.066667,-0.123053,1.562460,-0.284008,-1.182209,1.534001,0.059715,,,,,,
785,13.083333,-0.122994,1.562244,-0.278735,-1.183829,1.532937,0.064240,,,,,,
786,13.100000,-0.122934,1.561947,-0.273615,-1.185565,1.532013,0.068907,,,,,,
787,13.116667,-0.122814,1.561794,-0.268696,-1.187290,1.531174,0.073681,,,,,,
788,13.133333,-0.122650,1.561654,-0.263807,-1.189098,1.530371,0.078394,,,,,,
789,13.150000,-0.122310,1.561537,-0.259205,-1.190774,1.529403,0.082782,,,,,,
790,13.166667,-0.122075,1.561494,-0.254662,-1.192382,1.528437,0.087039,,,,,,
791,13.183333,-0.121773,1.561569,-0.250343,-1.193991,1.527479,0.091431,,,,,,
792,13.200000,-0.121455,1.561695,-0.246120,-1.195558,1.526464,0.095664,,,,,,
793,13.216667,-0.121181,1.561847,-0.242105,-1.197138,1.525470,0.099820,,,,,,
794,13.233333,-0.120799,1.562008,-0.238123,-1.198645,1.524728,0.103834,,,,,,
795,13.250000,-0.120526,1.562303,-0.234380,-1.199948,1.523809,0.107245,,,,,,
796,13.266667,-0.120140,1.562558,-0.230811,-1.200793,1.522693,0.110127,,,,,,
797,13.283333,-0.119823,1.562768,-0.227369,-1.201490,1.521665,0.112572,,,,,,
798,13.300000,-0.119432,1.563003,-0.224013,-1.202242,1.520948,0.114695,,,,,,
799,13.316667,-0.119102,1.563184,-0.220643,-1.202886,1.520265,0.116830,,,,,,
800,13.333333,-0.118874,1.563465,-0.217389,-1.203373,1.519407,0.118630,,,,,,
801,13.350000,-0.118602,1.563672,-0.214208,-1.203547,1.518494,0.120160,,,,,,
802,13.366667,-0.118371,1.563751,-0.211119,-1.203685,1.517747,0.121190,,,,,,
803,13.383333,-0.118141,1.563955,-0.208034,-1.203743,1.517176,0.122097,,,,,,
804,13.400000,-0.117863,1.563952,-0.205146,-1.203812,1.516457,0.123083,,,,,,
805,13.416667,-0.117766,1.563923,-0.202381,-1.203793,1.515722,0.124119,,,,,,
806,13.433333,-0.117559,1.563978,-0.199510,-1.203791,1.515195,0.124955,,,,,,
807,13.450000,-0.117424,1.563929,-0.196712,-1.203850,1.514665,0.125706,,,,,,
808,13.466667,-0.117358,1.563835,-0.194046,-1.203756,1.514091,0.126460,,,,,,
809,13.483333,-0.117308,1.563840,-0.191386,-1.203771,1.513523,0.127349,,,,,,
810,13.500000,-0.117305,1.563779,-0.188818,-1.203789,1.512950,0.128192,,,,,,
811,13.516667,-0.117253,1.563747,-0.186130,-1.203730,1.512461,0.129062,,,,,,
812,13.533333,-0.117325,1.563706,-0.183630,-1.203635,1.511844,0.129790,,,,,,
813,13.550000,-0.117436,1.563707,-0.181156,-1.203510,1.511232,0.130356,,,,,,
814,13.566667,-0.117488,1.563711,-0.178681,-1.203287,1.510709,0.131023,,,,,,
815,13.583333,-0.117574,1.563797,-0.176186,-1.203206,1.510018,0.131823,,,,,,
816,13.600000,-0.117851,1.563699,-0.173906,-1.202977,1.509004,0.132829,,,,,,
817,13.616667,-0.118017,1.563730,-0.171521,-1.202858,1.508440,0.133487,,,,,,
818,13.633333,-0.118408,1.563815,-0.169200,-1.202783,1.508060,0.134006,,,,,,
819,13.650000,-0.118655,1.563791,-0.166967,-1.202516,1.507271,0.134853,,,,,,
820,13.666667,-0.118968,1.563796,-0.164768,-1.202393,1.506461,0.135411,,,,,,
821,13.683333,-0.119323,1.563838,-0.162564,-1.202101,1.505810,0.136121,,,,,,
822,13.700000,-0.119734,1.563892,-0.160387,-1.202015,1.505126,0.136927,,,,,,
823,13.716667,-0.120198,1.563833,-0.158329,-1.201861,1.504485,0.137540,,,,,,
824,13.733333,-0.120643,1.563901,-0.156215,-1.201484,1.503692,0.138150,,,,,,
825,13.750000,-0.121284,1.563968,-0.154125,-1.201291,1.502994,0.138702,,,,,,
826,13.766667,-0.121768,1.564086,-0.152052,-1.201004,1.502327,0.139176,,,,,,
827,13.783333,-0.122391,1.564083,-0.150059,-1.200573,1.501461,0.139660,,,,,,
828,13.800000,-0.123112,1.564173,-0.148044,-1.200354,1.500677,0.140280,,,,,,
829,13.816667,-0.123712,1.564235,-0.146109,-1.200098,1.499990,0.141040,,,,,,
830,13.833333,-0.124488,1.564264,-0.144158,-1.199837,1.499320,0.141659,,,,,,
831,13.850000,-0.125174,1.564314,-0.142255,-1.199675,1.498785,0.142138,,,,,,
832,13.866667,-0.126019,1.564221,-0.140423,-1.199439,1.498391,0.142658,,,,,,
833,13.883333,-0.126744,1.564105,-0.138628,-1.199314,1.498135,0.143020,,,,,,
834,13.900000,-0.127663,1.564070,-0.136768,-1.199190,1.498003,0.143179,,,,,,
835,13.916667,-0.128495,1.563978,-0.134942,-1.199028,1.497794,0.143207,,,,,,
836,13.933333,-0.129426,1.563917,-0.133230,-1.198811,1.497509,0.143273,,,,,,
837,13.950000,-0.130362,1.563881,-0.131411,-1.198540,1.497364,0.143199,,,,,,
838,13.966667,-0.131447,1.563667,-0.129734,-1.198273,1.497346,0.142951,,,,,,
839,13.983333,-0.132462,1.563647,-0.128059,-1.197963,1.497203,0.142851,,,,,,
840,14.000000,-0.133542,1.563624,-0.126364,-1.197783,1.496929,0.142855,,,,,,
841,14.016667,-0.134692,1.563567,-0.124750,-1.197665,1.496674,0.142945,,,,,,
842,14.033333,-0.135807,1.563590,-0.123144,-1.197488,1.496482,0.142949,,,,,,
843,14.050000,-0.136936,1.563705,-0.121576,-1.197320,1.496026,0.142991,,,,,,
844,14.066667,-0.138140,1.563903,-0.120000,-1.197170,1.495728,0.143080,,,,,,
845,14.083333,-0.139420,1.563923,-0.118398,-1.197044,1.495589,0.143084,,,,,,
846,14.100000,-0.140751,1.564066,-0.116821,-1.196929,1.495225,0.143305,,,,,,
847,14.116667,-0.142034,1.564240,-0.115329,-1.196861,1.494883,0.143546,,,,,,
848,14.133333,-0.143467,1.564334,-0.113863,-1.196773,1.494587,0.143855,,,,,,
849,14.150000,-0.144873,1.564479,-0.112370,-1.196691,1.494284,0.144018,,,,,,
850,14.166667,-0.146276,1.564572,-0.110940,-1.196475,1.493775,0.144085,,,,,,
851,14.183333,-0.147757,1.564687,-0.109497,-1.196297,1.493334,0.144200,,,,,,
852,14.200000,-0.149289,1.564748,-0.108080,-1.196261,1.492936,0.144322,,,,,,
853,14.216667,-0.150869,1.564685,-0.106707,-1.196326,1.492567,0.144564,,,,,,
854,14.233333,-0.152367,1.564740,-0.105292,-1.196275,1.492022,0.144927,,,,,,
855,14.250000,-0.154025,1.564642,-0.103951,-1.196218,1.491391,0.145315,,,,,,
856,14.266667,-0.155740,1.564486,-0.102694,-1.196056,1.490881,0.145643,,,,,,
857,14.283333,-0.157380,1.564490,-0.101310,-1.195973,1.490468,0.145855,,,,,,
858,14.300000,-0.159056,1.564411,-0.099999,-1.195887,1.489968,0.145994,,,,,,
859,14.316667,-0.160771,1.564331,-0.098669,-1.195822,1.489421,0.146127,,,,,,
860,14.333333,-0.162543,1.564301,-0.097317,-1.195807,1.488997,0.146484,,,,,,
861,14.350000,-0.164350,1.564172,-0.096061,-1.195842,1.488768,0.146735,,,,,,
862,14.366667,-0.166179,1.564056,-0.094858,-1.195837,1.488478,0.146829,,,,,,
863,14.383333,-0.167971,1.564018,-0.093526,-1.195698,1.488223,0.146763,,,,,,
864,14.400000,-0.169953,1.563930,-0.092248,-1.195563,1.488040,0.146672,,,,,,
865,14.416667,-0.171916,1.563847,-0.090996,-1.195442,1.487843,0.146637,,,,,,
866,14.433333,-0.173896,1.563588,-0.089864,-1.195308,1.487666,0.146528,,,,,,
867,14.450000,-0.175876,1.563575,-0.088618,-1.195150,1.487562,0.146356,,,,,,
868,14.466667,-0.177835,1.563547,-0.087376,-1.194995,1.487580,0.146121,,,,,,
869,14.483333,-0.179985,1.563460,-0.086120,-1.194855,1.487527,0.145767,,,,,,
870,14.500000,-0.181946,1.563481,-0.085013,-1.194718,1.487628,0.145335,,,,,,
871,14.516667,-0.184211,1.563422,-0.083853,-1.194562,1.487901,0.144754,,,,,,
872,14.533333,-0.186332,1.563486,-0.082642,-1.194351,1.488215,0.144076,,,,,,
873,14.550000,-0.188503,1.563642,-0.081465,-1.194097,1.488445,0.143300,,,,,,
874,14.566667,-0.190805,1.563674,-0.080358,-1.193960,1.488840,0.142570,,,,,,
875,14.583333,-0.193038,1.563689,-0.079265,-1.193757,1.489296,0.141818,,,,,,
876,14.600000,-0.195286,1.563906,-0.078086,-1.193552,1.489646,0.141066,,,,,,
877,14.616667,-0.197651,1.564000,-0.076963,-1.193351,1.489898,0.140358,,,,,,
878,14.633333,-0.199985,1.564045,-0.075883,-1.193311,1.490335,0.139514,,,,,,
879,14.650000,-0.202243,1.564144,-0.074749,-1.193108,1.490767,0.138705,,,,,,
880,14.666667,-0.204800,1.564110,-0.073734,-1.192839,1.490939,0.137988,,,,,,
881,14.683333,-0.207214,1.563929,-0.072648,-1.192712,1.491148,0.137389,,,,,,
882,14.700000,-0.209700,1.562981,-0.071584,-1.192568,1.491435,0.136571,,,,,,
883,14.716667,-0.212086,1.561312,-0.070447,-1.192451,1.491750,0.135961,,,,,,
884,14.733333,-0.214544,1.558548,-0.069470,-1.192305,1.491905,0.135462,,,,,,
885,14.750000,-0.217038,1.554544,-0.068414,-1.192087,1.492065,0.134918,,,,,,
886,14.766667,-0.219624,1.549202,-0.067429,-1.191951,1.492243,0.134351,,,,,,
887,14.783333,-0.222059,1.542407,-0.066423,-1.191696,1.492352,0.133792,,,,,,
888,14.800000,-0.224931,1.533782,-0.065336,-1.191571,1.492541,0.133058,,,,,,
889,14.816667,-0.227015,1.524021,-0.064490,-1.191314,1.492709,0.132309,,,,,,
890,14.833333,-0.230018,1.511824,-0.063454,-1.191169,1.492871,0.131740,,,,,,
891,14.850000,-0.232658,1.498171,-0.062508,-1.191042,1.493109,0.131123,,,,,,
892,14.866667,-0.234870,1.482758,-0.061807,-1.190877,1.493343,0.130545,,,,,,
893,14.883333,-0.237356,1.465160,-0.060880,-1.190729,1.493492,0.129800,,,,,,
894,14.900000,-0.239611,1.445806,-0.059873,-1.190372,1.493613,0.128932,,,,,,
895,14.916667,-0.241689,1.424567,-0.058891,-1.190127,1.493630,0.128305,,,,,,
896,14.933333,-0.243493,1.401774,-0.057530,-1.189988,1.493661,0.127906,,,,,,
897,14.950000,-0.244904,1.377250,-0.056234,-1.189790,1.493694,0.127597,,,,,,
898,14.966667,-0.245541,1.351626,-0.055098,-1.189559,1.493605,0.127367,,,,,,
899,14.983333,-0.246067,1.324523,-0.053837,-1.189401,1.493486,0.127191,,,,,,
900,15.000000,-0.246358,1.296383,-0.052298,-1.189212,1.493351,0.126976,,,,,,
901,15.016667,-0.245279,1.267295,-0.051003,-1.189022,1.493122,0.126878,,,,,,
902,15.033333,-0.243851,1.238560,-0.048930,-1.188852,1.492828,0.126937,,,,,,
903,15.050000,-0.240835,1.209577,-0.047053,-1.188710,1.492588,0.126976,,,,,,
904,15.066667,-0.236587,1.181075,-0.044851,-1.188613,1.492339,0.127139,,,,,,
905,15.083333,-0.230754,1.152482,-0.042192,-1.188561,1.492003,0.127396,,,,,,
906,15.100000,-0.222980,1.123823,-0.039137,-1.188461,1.491640,0.127671,,,,,,
907,15.116667,-0.214876,1.096871,-0.035415,-1.188320,1.491439,0.127749,,,,,,
908,15.133333,-0.205030,1.070172,-0.031365,-1.188101,1.491232,0.127669,,,,,,
909,15.150000,-0.194142,1.044498,-0.027037,-1.187880,1.490960,0.127530,,,,,,
910,15.166667,-0.182634,1.019824,-0.022459,-1.187671,1.490785,0.127347,,,,,,
911,15.183333,-0.171159,0.996537,-0.017608,-1.187526,1.490700,0.127119,,,,,,
912,15.200000,-0.160428,0.974058,-0.012743,-1.187377,1.490557,0.126940,,,,,,
913,15.216667,-0.150689,0.952253,-0.008393,-1.187273,1.490457,0.126777,,,,,,
914,15.233333,-0.143407,0.931111,-0.003705,-1.187208,1.490381,0.126769,,,,,,
915,15.250000,-0.139380,0.910301,0.001047,-1.187163,1.490238,0.126884,,,,,,
916,15.266667,-0.137084,0.887818,0.004955,-1.187052,1.489877,0.126975,,,,,,
917,15.283333,-0.137608,0.863459,0.008465,-1.186972,1.489557,0.127148,,,,,,
918,15.300000,-0.141108,0.836592,0.011815,-1.186986,1.489417,0.127367,,,,,,
919,15.316667,-0.146730,0.806701,0.014680,-1.187088,1.489292,0.127718,,,,,,
920,15.333333,-0.154098,0.773217,0.017899,-1.187220,1.489232,0.128144,,,,,,
921,15.350000,-0.161213,0.736515,0.017705,-1.187309,1.489190,0.128404,,,,,,
922,15.366667,,,,-1.187455,1.489267,0.128575,,,,,,
923,15.383333,,,,-1.187491,1.489237,0.128899,,,,,,
924,15.400000,,,,-1.187595,1.489212,0.129087,,,,,,
925,15.416667,,,,-1.187792,1.489213,0.129272,,,,,,
926,15.433333,,,,-1.188007,1.489348,0.129503,,,,,,
927,15.450000,,,,-1.188262,1.489551,0.129621,,,,,,
928,15.466667,,,,-1.188388,1.489622,0.129611,,,,,,
929,15.483333,,,,-1.188533,1.489648,0.129713,,,,,,
930,15.500000,,,,-1.188794,1.489663,0.130028,-0.268966,0.756069,0.049460,,,
931,15.516667,,,,-1.188996,1.489812,0.130205,-0.280210,0.744470,0.053249,,,
932,15.533333,,,,-1.189160,1.490035,0.130211,,,,,,
933,15.550000,,,,-1.189481,1.490550,0.129943,,,,,,
934,15.566667,,,,-1.189841,1.491283,0.129635,,,,,,
935,15.583333,,,,-1.190449,1.491960,0.129350,,,,,,
936,15.600000,,,,-1.191147,1.492344,0.129401,,,,,,
937,15.616667,,,,-1.192192,1.492853,0.129382,,,,,,
938,15.633333,,,,-1.193550,1.493601,0.128872,,,,,,
939,15.650000,,,,-1.195379,1.494770,0.128131,,,,,,
940,15.666667,,,,-1.197456,1.495402,0.127754,,,,,,
941,15.683333,,,,-1.199349,1.494575,0.128699,,,,,,
942,15.700000,,,,-1.201774,1.491532,0.132729,,,,,,
943,15.716667,,,,-1.204720,1.486811,0.138808,,,,,,
944,15.733333,,,,-1.208681,1.481945,0.144707,,,,,,
945,15.750000,,,,-1.213304,1.477756,0.148375,,,,,,
946,15.766667,,,,-1.217383,1.472776,0.148709,,,,,,
947,15.783333,,,,-1.220502,1.465455,0.146685,,,,,,
948,15.800000,,,,-1.222508,1.454686,0.144720,,,,,,
949,15.816667,,,,-1.223774,1.440916,0.143985,,,,,,
950,15.833333,,,,-1.224870,1.425977,0.144237,,,,,,
951,15.850000,,,,-1.225905,1.410465,0.144858,,,,,,
952,15.866667,,,,-1.227012,1.393827,0.145761,,,,,,
953,15.883333,,,,-1.228651,1.376135,0.147290,,,,,,
954,15.900000,,,,-1.230616,1.357577,0.148857,,,,,,
955,15.916667,,,,-1.232678,1.338106,0.150176,,,,,,
956,15.933333,,,,-1.234597,1.317613,0.151592,,,,-0.483015,0.642340,0.134577
957,15.950000,,,,-1.236607,1.296214,0.153362,,,,-0.494062,0.619095,0.136839
958,15.966667,,,,-1.238736,1.273370,0.155680,,,,-0.504287,0.593713,0.139738
959,15.983333,,,,-1.240881,1.248836,0.158324,,,,-0.513934,0.564334,0.141919
960,16.000000,,,,-1.243155,1.222685,0.161280,,,,-0.522037,0.532197,0.144095
961,16.016667,,,,-1.245419,1.195009,0.164320,,,,-0.529768,0.498845,0.145981
962,16.033333,,,,-1.247628,1.166327,0.167795,,,,-0.536385,0.460147,0.147730
963,16.050000,,,,-1.250046,1.136112,0.171836,,,,-0.541872,0.420804,0.148804
964,16.066667,,,,-1.253113,1.103887,0.176468,,,,-0.546695,0.380476,0.149197
965,16.083333,,,,-1.257249,1.069878,0.180981,,,,-0.550989,0.339124,0.148923
966,16.100000,,,,-1.262419,1.035014,0.185488,,,,-0.554755,0.297198,0.147947
967,16.116667,,,,-1.268691,0.999746,0.190235,,,,-0.558395,0.254739,0.146121
968,16.133333,,,,-1.276053,0.964238,0.195336,,,,-0.561985,0.211899,0.144070
969,16.150000,,,,-1.284984,0.928016,0.200822,,,,-0.566074,0.169476,0.141747
970,16.166667,,,,-1.295581,0.892102,0.207377,,,,-0.570712,0.127216,0.139972
971,16.183333,,,,-1.307437,0.857708,0.214403,,,,-0.569301,0.069283,0.134716
972,16.200000,,,,-1.320804,0.828335,0.223591,,,,-0.567676,0.049199,0.124776
973,16.216667,,,,-1.334239,0.797334,0.231028,,,,-0.567427,0.048310,0.113431
974,16.233333,,,,-1.348840,0.767152,0.239287,,,,-0.572088,0.055930,0.107044
975,16.250000,,,,-1.364534,0.738480,0.249016,,,,-0.577693,0.062894,0.100551
976,16.266667,,,,-1.380975,0.711888,0.259004,,,,-0.585064,0.068721,0.094507
977,16.283333,,,,-1.397533,0.688921,0.269451,,,,-0.594194,0.072891,0.089115
978,16.300000,,,,-1.413303,0.668476,0.277685,,,,-0.604828,0.074312,0.085317
979,16.316667,,,,-1.428868,0.649784,0.286337,,,,-0.617922,0.073782,0.083236
980,16.333333,,,,-1.444546,0.631784,0.295507,,,,-0.637029,0.083704,0.087009
981,16.350000,,,,-1.461159,0.621408,0.305694,,,,-0.650396,0.076663,0.089583
982,16.366667,,,,-1.477097,0.609977,0.314982,,,,,,
983,16.383333,,,,-1.490538,0.602019,0.324017,,,,,,
984,16.400000,,,,-1.502965,0.594141,0.331123,,,,,,
985,16.416667,,,,-1.514494,0.587887,0.337934,,,,,,
986,16.433333,,,,-1.526048,0.582287,0.343745,,,,,,
987,16.450000,,,,-1.536526,0.577772,0.349911,,,,,,
988,16.466667,,,,-1.544648,0.575413,0.355880,,,,,,
989,16.483333,,,,-1.551496,0.574265,0.362194,,,,,,
990,16.500000,,,,-1.556779,0.574073,0.367515,,,,,,
991,16.516667,,,,,,,,,,,,
992,16.533333,,,,,,,,,,,,
993,16.550000,,,,,,,,,,,,
994,16.566667,,,,-1.568289,0.577706,0.382891,,,,,,
995,16.583333,,,,-1.568767,0.579874,0.386599,,,,,,
996,16.600000,,,,-1.568834,0.582017,0.389476,,,,,,
997,16.616667,,,,-1.568561,0.583350,0.390938,,,,,,
998,16.633333,,,,-1.567672,0.583463,0.391127,,,,,,
999,16.650000,,,,-1.566420,0.583102,0.390537,,,,,,
1000,16.666667,,,,-1.565311,0.582501,0.389588,,,,,,
1001,16.683333,,,,-1.563684,0.582351,0.388759,,,,,,
1002,16.700000,,,,-1.561610,0.582551,0.387910,,,,,,
1003,16.716667,,,,-1.559247,0.582931,0.387060,,,,,,
1004,16.733333,,,,-1.556892,0.582965,0.385716,,,,,,
1005,16.750000,,,,-1.554495,0.582644,0.383943,,,,,,
1006,16.766667,,,,-1.551865,0.582207,0.381887,,,,,,
1007,16.783333,,,,-1.548918,0.582287,0.379871,,,,,,
1008,16.800000,,,,-1.545664,0.582775,0.377958,,,,,,
1009,16.816667,,,,-1.542699,0.583029,0.375963,,,,,,
1010,16.833333,,,,-1.539031,0.583633,0.373910,,,,,,
1011,16.850000,,,,-1.535695,0.584074,0.371878,,,,,,
1012,16.866667,,,,-1.533480,0.583255,0.369056,,,,,,
1013,16.883333,,,,-1.530154,0.583523,0.366536,,,,,,
1014,16.900000,,,,-1.526178,0.584508,0.364061,,,,,,
1015,16.916667,,,,-1.521469,0.586294,0.361442,,,,,,
1016,16.933333,,,,-1.516610,0.588199,0.358872,,,,,,
1017,16.950000,,,,-1.511727,0.590093,0.356136,,,,,,
1018,16.966667,,,,-1.507054,0.591980,0.353171,,,,,,
1019,16.983333,,,,-1.502506,0.593651,0.350173,,,,,,
1020,17.000000,,,,-1.497081,0.596048,0.347645,,,,,,
1021,17.016667,,,,-1.492137,0.598181,0.344977,,,,,,
1022,17.033333,,,,-1.487647,0.600199,0.342007,,,,,,
1023,17.050000,,,,-1.482284,0.603085,0.339275,,,,,,
1024,17.066667,,,,-1.475862,0.607000,0.336893,,,,,,
1025,17.083333,,,,-1.470606,0.609925,0.333739,,,,,,
1026,17.100000,,,,-1.464493,0.613935,0.330779,,,,,,
1027,17.116667,,,,-1.457560,0.619084,0.327596,,,,,,
1028,17.133333,,,,-1.451059,0.623080,0.323170,,,,,,
1029,17.150000,,,,-1.443249,0.628855,0.318896,,,,,,
1030,17.166667,,,,-1.435989,0.634157,0.314537,,,,,,
1031,17.183333,,,,-1.429109,0.639681,0.310276,,,,,,
1032,17.200000,,,,-1.422785,0.644804,0.305992,,,,,,
1033,17.216667,,,,-1.416743,0.649500,0.301521,,,,,,
1034,17.233333,,,,-1.408819,0.654547,0.296308,,,,,,
1035,17.250000,,,,-1.402459,0.658113,0.291199,,,,,,
1036,17.266667,,,,-1.397681,0.659686,0.286077,,,,,,
1037,17.283333,,,,-1.389953,0.661055,0.278995,,,,,,
1038,17.300000,,,,-1.384300,0.659883,0.271964,,,,,,
1039,17.316667,,,,-1.379899,0.657836,0.266451,,,,,,
1040,17.333333,,,,-1.373645,0.657556,0.260417,,,,,,
1041,17.350000,,,,-1.369095,0.656287,0.257192,,,,,,
1042,17.366667,,,,-1.365673,0.654225,0.255710,,,,,,
1043,17.383333,,,,-1.362434,0.650759,0.254980,,,,,,
1044,17.400000,,,,-1.359228,0.646265,0.254696,,,,,,
1045,17.416667,,,,-1.355080,0.641606,0.254257,,,,,,
1046,17.433333,,,,-1.349902,0.637991,0.252885,,,,,,
1047,17.450000,,,,-1.344592,0.634557,0.251141,,,,,,
1048,17.466667,,,,-1.340264,0.631201,0.249943,,,,,,
1049,17.483333,,,,-1.336898,0.625869,0.249096,,,,,,
1050,17.500000,,,,-1.335159,0.618626,0.250167,,,,,,
1051,17.516667,,,,-1.335906,0.611030,0.254832,,,,,,
1052,17.533333,,,,-1.340218,0.601537,0.264705,,,,,,
1053,17.550000,,,,-1.349494,0.589157,0.280057,,,,,,
1054,17.566667,,,,-1.365257,0.572868,0.297898,,,,,,
1055,17.583333,,,,-1.386989,0.553019,0.311907,,,,,,
1056,17.600000,,,,-1.411026,0.526110,0.318108,,,,,,
1057,17.616667,,,,-1.434213,0.501065,0.313878,,,,,,
1058,17.633333,,,,-1.452969,0.476253,0.300068,,,,,,
1059,17.650000,,,,-1.466229,0.453412,0.276816,,,,,,
1060,17.666667,,,,-1.470747,0.426739,0.249614,,,,,,
1061,17.683333,,,,-1.465085,0.400974,0.217655,,,,,,
1062,17.700000,,,,-1.449953,0.376663,0.181409,,,,,,
1063,17.716667,,,,-1.427130,0.355555,0.141860,,,,,,
1064,17.733333,,,,-1.397825,0.339873,0.100552,,,,,,
1065,17.750000,,,,-1.367804,0.325952,0.055243,,,,,,
1066,17.766667,,,,-1.335861,0.315049,0.006030,,,,,,
1067,17.783333,,,,-1.305606,0.304233,-0.049476,,,,,,
1068,17.800000,,,,-1.272437,0.299218,-0.107155,,,,,,
1069,17.816667,,,,-1.243111,0.295412,-0.169384,,,,,,
1070,17.833333,,,,-1.217310,0.294042,-0.234919,,,,,,
1071,17.850000,,,,-1.195679,0.295570,-0.304130,,,,,,
1072,17.866667,,,,,,,,,,,,
1073,17.883333,,,,,,,,,,,,
1074,17.900000,,,,-1.154313,0.334789,-0.522698,,,,,,
1075,17.916667,,,,-1.144764,0.364340,-0.591838,,,,,,
1076,17.933333,,,,-1.137112,0.399913,-0.655080,,,,,,
1077,17.950000,,,,-1.131275,0.438306,-0.713081,,,,,,
1078,17.966667,,,,-1.128684,0.477687,-0.767280,,,,,,
1079,17.983333,,,,-1.129284,0.517308,-0.817734,,,,,,
1080,18.000000,,,,-1.131142,0.556215,-0.863925,,,,,,
1081,18.016667,,,,-1.132893,0.592063,-0.906101,,,,,,
1082,18.033333,,,,-1.133853,0.625597,-0.945076,,,,,,
1083,18.050000,,,,-1.133586,0.656778,-0.980819,,,,,,
1084,18.066667,,,,-1.132393,0.686715,-1.013545,,,,,,
1085,18.083333,,,,-1.130606,0.714456,-1.044110,,,,,,
1086,18.100000,,,,-1.128136,0.740812,-1.072323,,,,,,
1087,18.116667,,,,-1.124474,0.764471,-1.098641,,,,,,
1088,18.133333,,,,-1.119612,0.785824,-1.123120,,,,,,
1089,18.150000,,,,-1.113395,0.802808,-1.146756,,,,,,
1090,18.166667,,,,-1.105688,0.815752,-1.169516,,,,,,
1091,18.183333,,,,-1.096548,0.823980,-1.192122,,,,,,
1092,18.200000,,,,-1.085871,0.827623,-1.213914,,,,,,
1093,18.216667,,,,-1.074532,0.827326,-1.234623,,,,,,
1094,18.233333,,,,-1.062949,0.823524,-1.254481,,,,,,
1095,18.250000,,,,-1.051528,0.816956,-1.273047,,,,,,
1096,18.266667,,,,-1.041148,0.809037,-1.289864,,,,,,
1097,18.283333,,,,-1.031814,0.798975,-1.305602,,,,,,
1098,18.300000,,,,-1.024285,0.787289,-1.320389,,,,,,
1099,18.316667,,,,-1.018651,0.774925,-1.334107,,,,,,
1100,18.333333,,,,-1.014559,0.761756,-1.346995,,,,,,
1101,18.350000,,,,-1.011841,0.748862,-1.358437,,,,,,
1102,18.366667,,,,-1.009811,0.737424,-1.368695,,,,,,
1103,18.383333,,,,-1.007938,0.729593,-1.377448,,,,,,
1104,18.400000,,,,-1.005902,0.725079,-1.385320,,,,,,
1105,18.416667,,,,-1.003042,0.723018,-1.393071,,,,,,
1106,18.433333,,,,-0.999858,0.721710,-1.400076,,,,,,
1107,18.450000,,,,-0.996310,0.720277,-1.406435,,,,,,
1108,18.466667,,,,-0.992784,0.717679,-1.412021,,,,,,
1109,18.483333,,,,-0.991123,0.720345,-1.414062,,,,,,
1110,18.500000,,,,-0.986873,0.717813,-1.423661,,,,,,
1111,18.516667,,,,-0.984619,0.718788,-1.429430,,,,,,
1112,18.533333,,,,-0.982025,0.719632,-1.434335,,,,,,
1113,18.550000,,,,-0.978861,0.720777,-1.438431,,,,,,
1114,18.566667,,,,-0.975040,0.720706,-1.442394,,,,,,
1115,18.583333,,,,-0.971123,0.720355,-1.445630,,,,,,
1116,18.600000,,,,-0.967754,0.719839,-1.449400,,,,,,
1117,18.616667,,,,-0.965410,0.720184,-1.452084,,,,,,
1118,18.633333,,,,-0.964448,0.722057,-1.452902,,,,,,
1119,18.650000,,,,-0.964827,0.725828,-1.451122,,,,,,
1120,18.666667,,,,-0.965059,0.728231,-1.449523,,,,,,
1121,18.683333,,,,,,,,,,,,
1122,18.700000,,,,,,,,,,,,
1123,18.716667,,,,,,,,,,,,
1124,18.733333,,,,,,,,,,,,
1125,18.750000,,,,,,,,,,,,
1126,18.766667,,,,,,,,,,,,
1127,18.783333,,,,,,,,,,,,
1128,18.800000,,,,,,,,,,,,
1129,18.816667,,,,,,,,,,,,
1130,18.833333,,,,,,,,,,,,
1131,18.850000,,,,,,,,,,,,
1132,18.866667,,,,,,,,,,,,
1133,18.883333,,,,,,,,,,,,
1134,18.900000,,,,,,,,,,,,
1135,18.916667,,,,,,,,,,,,
1136,18.933333,,,,,,,,,,,,
1137,18.950000,,,,,,,,,,,,
1138,18.966667,,,,,,,,,,,,
1139,18.983333,,,,,,,,,,,,
1140,19.000000,,,,,,,,,,,,
1141,19.016667,,,,,,,,,,,,
1142,19.033333,,,,,,,,,,,,
1143,19.050000,,,,,,,,,,,,
1144,19.066667,,,,,,,,,,,,
1145,19.083333,,,,,,,,,,,,
1146,19.100000,,,,,,,,,,,,
1147,19.116667,,,,,,,,,,,,
1148,19.133333,,,,,,,,,,,,
1149,19.150000,,,,,,,,,,,,
1150,19.166667,,,,,,,,,,,,
1151,19.183333,,,,,,,,,,,,
1152,19.200000,,,,,,,,,,,,
1153,19.216667,,,,,,,,,,,,
1154,19.233333,,,,,,,,,,,,
1155,19.250000,,,,,,,,,,,,
1156,19.266667,,,,,,,,,,,,
1157,19.283333,,,,,,,,,,,,
1158,19.300000,,,,,,,,,,,,
1159,19.316667,,,,,,,,,,,,
1160,19.333333,,,,,,,,,,,,
1161,19.350000,,,,,,,,,,,,
1162,19.366667,,,,,,,,,,,,
1163,19.383333,,,,,,,,,,,,
1164,19.400000,,,,,,,,,,,,
1165,19.416667,,,,,,,,,,,,
1166,19.433333,,,,,,,,,,,,
1167,19.450000,,,,,,,,,,,,
1168,19.466667,,,,,,,,,,,,
1169,19.483333,,,,,,,,,,,,
1170,19.500000,,,,,,,,,,,,
1171,19.516667,,,,,,,,,,,,
1172,19.533333,,,,,,,,,,,,
1173,19.550000,,,,,,,,,,,,
1174,19.566667,,,,,,,,,,,,
1175,19.583333,,,,,,,,,,,,
1176,19.600000,,,,,,,,,,,,
1177,19.616667,,,,,,,,,,,,
1178,19.633333,,,,,,,,,,,,
1179,19.650000,,,,,,,,,,,,
1180,19.666667,,,,,,,,,,,,
1181,19.683333,,,,,,,,,,,,
1182,19.700000,,,,,,,,,,,,
1183,19.716667,,,,,,,,,,,,
1184,19.733333,,,,,,,,,,,,
1185,19.750000,,,,,,,,,,,,
1186,19.766667,,,,,,,,,,,,
1187,19.783333,,,,,,,,,,,,
1188,19.800000,,,,,,,,,,,,
1189,19.816667,,,,,,,,,,,,
1190,19.833333,,,,,,,,,,,,
1191,19.850000,,,,,,,,,,,,
1192,19.866667,,,,,,,,,,,,
1193,19.883333,,,,,,,,,,,,
1194,19.900000,,,,,,,,,,,,
1195,19.916667,,,,,,,,,,,,
1196,19.933333,,,,,,,,,,,,
1197,19.950000,,,,,,,,,,,,
1198,19.966667,,,,,,,,,,,,
1199,19.983333,,,,,,,,,,,,
1200,20.000000,,,,,,,,,,,,
1201,20.016667,,,,,,,,,,,,
1202,20.033333,,,,,,,,,,,,
1203,20.050000,,,,,,,,,,,,
1204,20.066667,,,,,,,,,,,,
1205,20.083333,,,,,,,,,,,,
1206,20.100000,,,,,,,,,,,,
1207,20.116667,,,,,,,,,,,,
1208,20.133333,,,,,,,,,,,,
1209,20.150000,,,,,,,,,,,,
1210,20.166667,,,,,,,,,,,,
1211,20.183333,,,,,,,,,,,,
1212,20.200000,,,,,,,,,,,,
1213,20.216667,,,,,,,,,,,,
1214,20.233333,,,,,,,,,,,,
1215,20.250000,,,,,,,,,,,,
1216,20.266667,,,,,,,,,,,,
1217,20.283333,,,,,,,,,,,,
1218,20.300000,,,,,,,,,,,,
1219,20.316667,,,,,,,,,,,,
1220,20.333333,,,,,,,,,,,,
1221,20.350000,,,,,,,,,,,,
1222,20.366667,,,,,,,,,,,,
1223,20.383333,,,,,,,,,,,,
1224,20.400000,,,,,,,,,,,,
1225,20.416667,,,,,,,,,,,,
1226,20.433333,,,,,,,,,,,,
1227,20.450000,,,,,,,,,,,,
1228,20.466667,,,,,,,,,,,,
1229,20.483333,,,,,,,,,,,,
1230,20.500000,,,,,,,,,,,,
1231,20.516667,,,,,,,,,,,,
1232,20.533333,,,,,,,,,,,,
1233,20.550000,,,,,,,,,,,,
1234,20.566667,,,,,,,,,,,,
1235,20.583333,,,,,,,,,,,,
1236,20.600000,,,,,,,,,,,,
1237,20.616667,,,,,,,,,,,,
1238,20.633333,,,,,,,,,,,,
1239,20.650000,,,,,,,,,,,,
1240,20.666667,,,,,,,,,,,,
1241,20.683333,,,,,,,,,,,,
1242,20.700000,,,,,,,,,,,,
1243,20.716667,,,,,,,,,,,,
1244,20.733333,,,,,,,,,,,,
1245,20.750000,,,,,,,,,,,,
1246,20.766667,,,,,,,,,,,,
1247,20.783333,,,,,,,,,,,,
1248,20.800000,,,,,,,,,,,,
1249,20.816667,,,,,,,,,,,,
1250,20.833333,,,,,,,,,,,,
1251,20.850000,,,,,,,,,,,,
1252,20.866667,,,,,,,,,,,,
1253,20.883333,,,,,,,,,,,,
1254,20.900000,,,,,,,,,,,,
1255,20.916667,,,,,,,,,,,,
1256,20.933333,,,,,,,,,,,,
1257,20.950000,,,,,,,,,,,,
1258,20.966667,,,,,,,,,,,,
1259,20.983333,,,,,,,,,,,,
1260,21.000000,,,,,,,,,,,,
1261,21.016667,,,,,,,,,,,,
1262,21.033333,,,,,,,,,,,,
1263,21.050000,,,,,,,,,,,,
1264,21.066667,,,,,,,,,,,,
1265,21.083333,,,,,,,,,,,,
1266,21.100000,,,,,,,,,,,,
1267,21.116667,,,,,,,,,,,,
1268,21.133333,,,,,,,,,,,,
1269,21.150000,,,,,,,,,,,,
1270,21.166667,,,,,,,,,,,,
1271,21.183333,,,,,,,,,,,,
1272,21.200000,,,,,,,,,,,,
1273,21.216667,,,,,,,,,,,,
1274,21.233333,,,,,,,,,,,,
1275,21.250000,,,,,,,,,,,,
1276,21.266667,,,,,,,,,,,,
1277,21.283333,,,,,,,,,,,,
1278,21.300000,,,,,,,,,,,,
1279,21.316667,,,,,,,,,,,,
1280,21.333333,,,,,,,,,,,,
1281,21.350000,,,,,,,,,,,,
1282,21.366667,,,,,,,,,,,,
1283,21.383333,,,,,,,,,,,,
1284,21.400000,,,,,,,,,,,,
1285,21.416667,,,,,,,,,,,,
1286,21.433333,,,,,,,,,,,,
1287,21.450000,,,,,,,,,,,,
1288,21.466667,,,,,,,,,,,,
1289,21.483333,,,,,,,,,,,,
1290,21.500000,,,,,,,,,,,,
1291,21.516667,,,,,,,,,,,,
1292,21.533333,,,,,,,,,,,,
1293,21.550000,,,,,,,,,,,,
1294,21.566667,,,,,,,,,,,,
1295,21.583333,,,,,,,,,,,,
1296,21.600000,,,,,,,,,,,,
1297,21.616667,,,,,,,,,,,,
1298,21.633333,,,,,,,,,,,,
1299,21.650000,,,,,,,,,,,,
1300,21.666667,,,,,,,,,,,,
1301,21.683333,,,,,,,,,,,,
1302,21.700000,,,,,,,,,,,,
1303,21.716667,,,,,,,,,,,,
1304,21.733333,,,,,,,,,,,,
1305,21.750000,,,,,,,,,,,,
1306,21.766667,,,,,,,,,,,,
1307,21.783333,,,,,,,,,,,,
1308,21.800000,,,,,,,,,,,,
1309,21.816667,,,,,,,,,,,,
1310,21.833333,,,,,,,,,,,,
1311,21.850000,,,,,,,,,,,,
1312,21.866667,,,,,,,,,,,,
1313,21.883333,,,,,,,,,,,,
1314,21.900000,,,,,,,,,,,,
1315,21.916667,,,,,,,,,,,,
1316,21.933333,,,,,,,,,,,,
1317,21.950000,,,,,,,,,,,,
1318,21.966667,,,,,,,,,,,,
1319,21.983333,,,,,,,,,,,,
1320,22.000000,,,,,,,,,,,,
1321,22.016667,,,,,,,,,,,,
1322,22.033333,,,,,,,,,,,,
1323,22.050000,,,,,,,,,,,,
1324,22.066667,,,,,,,,,,,,
1325,22.083333,,,,,,,,,,,,
1326,22.100000,,,,,,,,,,,,
1327,22.116667,,,,,,,,,,,,
1328,22.133333,,,,,,,,,,,,
1329,22.150000,,,,,,,,,,,,
1330,22.166667,,,,,,,,,,,,
1331,22.183333,,,,,,,,,,,,
1332,22.200000,,,,,,,,,,,,
1333,22.216667,,,,,,,,,,,,
1334,22.233333,,,,,,,,,,,,
1335,22.250000,,,,,,,,,,,,
1336,22.266667,,,,,,,,,,,,
1337,22.283333,,,,,,,,,,,,
1338,22.300000,,,,,,,,,,,,
1339,22.316667,,,,,,,,,,,,
1340,22.333333,,,,,,,,,,,,
1341,22.350000,,,,,,,,,,,,
1342,22.366667,,,,,,,,,,,,
1343,22.383333,,,,,,,,,,,,
1344,22.400000,,,,,,,,,,,,
1345,22.416667,,,,,,,,,,,,
1346,22.433333,,,,,,,,,,,,
1347,22.450000,,,,,,,,,,,,
1348,22.466667,,,,,,,,,,,,
1349,22.483333,,,,,,,,,,,,
1350,22.500000,,,,,,,,,,,,
1351,22.516667,,,,,,,,,,,,
1352,22.533333,,,,,,,,,,,,
1353,22.550000,,,,,,,,,,,,
1354,22.566667,,,,,,,,,,,,
1355,22.583333,,,,,,,,,,,,
1356,22.600000,,,,,,,,,,,,
1357,22.616667,,,,,,,,,,,,
1358,22.633333,,,,,,,,,,,,
1359,22.650000,,,,,,,,,,,,
1360,22.666667,,,,,,,,,,,,
1361,22.683333,,,,,,,,,,,,
1362,22.700000,,,,,,,,,,,,
1363,22.716667,,,,,,,,,,,,
1364,22.733333,,,,,,,,,,,,
1365,22.750000,,,,,,,,,,,,
1366,22.766667,,,,,,,,,,,,
1367,22.783333,,,,,,,,,,,,
1368,22.800000,,,,,,,,,,,,
1369,22.816667,,,,,,,,,,,,
1370,22.833333,,,,,,,,,,,,
1371,22.850000,,,,,,,,,,,,
1372,22.866667,,,,,,,,,,,,
1373,22.883333,,,,,,,,,,,,
1374,22.900000,,,,,,,,,,,,
1375,22.916667,,,,,,,,,,,,
1376,22.933333,,,,,,,,,,,,
1377,22.950000,,,,,,,,,,,,
1378,22.966667,,,,,,,,,,,,
1379,22.983333,,,,,,,,,,,,
1380,23.000000,,,,,,,,,,,,
1381,23.016667,,,,,,,,,,,,
1382,23.033333,,,,,,,,,,,,
1383,23.050000,,,,,,,,,,,,
1384,23.066667,,,,,,,,,,,,
1385,23.083333,,,,,,,,,,,,
1386,23.100000,,,,,,,,,,,,
1387,23.116667,,,,,,,,,,,,
1388,23.133333,,,,,,,,,,,,
1389,23.150000,,,,,,,,,,,,
1390,23.166667,,,,,,,,,,,,
1391,23.183333,,,,,,,,,,,,
1392,23.200000,,,,,,,,,,,,
1393,23.216667,,,,,,,,,,,,
1394,23.233333,,,,,,,,,,,,
1395,23.250000,,,,,,,,,,,,
