0,0.000000,-0.098416,0.776272,0.135093,,,,,,
1,0.016667,-0.098349,0.776207,0.135075,,,,,,
2,0.033333,-0.098362,0.776219,0.135080,,,,,,
3,0.050000,-0.098400,0.776263,0.135094,,,,,,
4,0.066667,-0.098364,0.776221,0.135081,,,,,,
5,0.083333,-0.098335,0.776196,0.135087,,,,,,
6,0.100000,-0.098366,0.776228,0.135069,,,,,,
7,0.116667,-0.098349,0.776220,0.135083,,,,,,
8,0.133333,-0.098369,0.776234,0.135087,,,,,,
9,0.150000,-0.098366,0.776223,0.135090,,,,,,
10,0.166667,-0.098392,0.776273,0.135084,,,,,,
11,0.183333,-0.098411,0.776259,0.135093,,,,,,
12,0.200000,-0.098372,0.776242,0.135086,,,,,,
13,0.216667,-0.098386,0.776244,0.135084,,,,,,
14,0.233333,-0.098391,0.776249,0.135084,,,,,,
15,0.250000,-0.098381,0.776240,0.135085,,,,,,
16,0.266667,-0.098331,0.776189,0.135066,,,,,,
17,0.283333,-0.098369,0.776239,0.135083,,,,,,
18,0.300000,-0.098371,0.776239,0.135081,,,,,,
19,0.316667,-0.098337,0.776211,0.135078,,,,,,
20,0.333333,-0.098363,0.776217,0.135080,,,,,,
21,0.350000,-0.098344,0.776193,0.135068,,,,,,
22,0.366667,-0.098370,0.776231,0.135082,,,,,,
23,0.383333,-0.098393,0.776255,0.135077,,,,,,
24,0.400000,-0.098375,0.776233,0.135083,,,,,,
25,0.416667,-0.098372,0.776218,0.135078,,,,,,
26,0.433333,-0.098330,0.776194,0.135069,,,,,,
27,0.450000,-0.098423,0.775943,0.135080,,,,,,
28,0.466667,-0.098382,0.776236,0.135066,,,,,,
29,0.483333,-0.098380,0.776242,0.135090,,,,,,
30,0.500000,-0.098382,0.776242,0.135075,,,,,,
31,0.516667,-0.098352,0.776224,0.135068,,,,,,
32,0.533333,-0.098372,0.776237,0.135084,,,,,,
33,0.550000,-0.098342,0.776200,0.135076,,,,,,
34,0.566667,-0.098354,0.776205,0.135086,,,,,,
35,0.583333,-0.098389,0.776243,0.135081,,,,,,
36,0.600000,-0.098408,0.776256,0.135082,,,,,,
37,0.616667,-0.098371,0.776239,0.135088,,,,,,
38,0.633333,-0.098389,0.776253,0.135093,,,,,,
39,0.650000,-0.098385,0.776247,0.135083,,,,,,
40,0.666667,-0.098392,0.776247,0.135086,,,,,,
41,0.683333,-0.098362,0.776227,0.135089,,,,,,
42,0.700000,-0.098363,0.776230,0.135084,,,,,,
43,0.716667,-0.098345,0.776205,0.135081,,,,,,
44,0.733333,-0.098355,0.776211,0.135080,,,,,,
45,0.750000,-0.098344,0.776213,0.135071,,,,,,
46,0.766667,-0.098393,0.776245,0.135080,,,,,,
47,0.783333,-0.098325,0.776172,0.135077,,,,,,
48,0.800000,-0.098386,0.776236,0.135079,,,,,,
49,0.816667,-0.098358,0.776224,0.135071,,,,,,
50,0.833333,-0.098404,0.776246,0.135087,,,,,,
51,0.850000,-0.098375,0.776234,0.135089,,,,,,
52,0.866667,-0.098397,0.776255,0.135087,,,,,,
53,0.883333,-0.098343,0.776207,0.135076,,,,,,
54,0.900000,-0.098375,0.776232,0.135076,,,,,,
55,0.916667,-0.098389,0.776239,0.135089,,,,,,
56,0.933333,-0.098398,0.776259,0.135078,,,,,,
57,0.950000,-0.098353,0.776211,0.135074,,,,,,
58,0.966667,-0.098389,0.776247,0.135085,,,,,,
59,0.983333,-0.098388,0.776254,0.135091,,,,,,
60,1.000000,-0.098376,0.776230,0.135070,,,,,,
61,1.016667,-0.098342,0.776197,0.135076,,,,,,
62,1.033333,-0.098347,0.776215,0.135071,,,,,,
63,1.050000,-0.098367,0.776206,0.135076,,,,,,
64,1.066667,-0.098373,0.776226,0.135085,,,,,,
65,1.083333,-0.098379,0.776232,0.135086,,,,,,
66,1.100000,-0.098361,0.776224,0.135087,,,,,,
67,1.116667,-0.098396,0.776240,0.135084,,,,,,
68,1.133333,-0.098392,0.776251,0.135094,,,,,,
69,1.150000,-0.098391,0.776248,0.135094,,,,,,
70,1.166667,-0.098334,0.776213,0.135086,,,,,,
71,1.183333,-0.098366,0.776223,0.135083,,,,,,
72,1.200000,-0.098340,0.776201,0.135085,,,,,,
73,1.216667,-0.098374,0.776240,0.135087,,,,,,
74,1.233333,-0.098355,0.776210,0.135073,,,,,,
75,1.250000,-0.098393,0.776257,0.135091,,,,,,
76,1.266667,-0.098373,0.776242,0.135094,,,,,,
77,1.283333,-0.098370,0.776232,0.135093,,,,,,
78,1.300000,-0.098412,0.776277,0.135085,,,,,,
79,1.316667,-0.098345,0.776213,0.135080,,,,,,
80,1.333333,-0.098377,0.776223,0.135089,,,,,,
81,1.350000,-0.098357,0.776217,0.135088,,,,,,
82,1.366667,-0.098366,0.776236,0.135078,,,,,,
83,1.383333,-0.098355,0.776209,0.135074,,,,,,
84,1.400000,-0.098377,0.776230,0.135092,,,,,,
85,1.416667,-0.098365,0.776226,0.135082,,,,,,
86,1.433333,-0.098345,0.776201,0.135085,,,,,,
87,1.450000,-0.098363,0.776229,0.135085,,,,,,
88,1.466667,-0.098373,0.776223,0.135083,,,,,,
89,1.483333,-0.098356,0.776206,0.135079,,,,,,
90,1.500000,-0.098403,0.776266,0.135085,,,,,,
91,1.516667,-0.098380,0.776241,0.135082,,,,,,
92,1.533333,-0.098339,0.776199,0.135078,,,,,,
93,1.550000,-0.098350,0.776225,0.135076,,,,,,
94,1.566667,-0.098393,0.776258,0.135092,,,,,,
95,1.583333,-0.098351,0.776212,0.135077,,,,,,
96,1.600000,-0.098366,0.776238,0.135083,,,,,,
97,1.616667,-0.098386,0.776250,0.135099,,,,,,
98,1.633333,-0.098350,0.776208,0.135082,,,,,,
99,1.650000,-0.098360,0.776219,0.135088,,,,,,
100,1.666667,-0.098368,0.776241,0.135080,,,,,,
101,1.683333,-0.098308,0.776182,0.135079,,,,,,
102,1.700000,-0.098394,0.776260,0.135084,,,,,,
103,1.716667,-0.098361,0.776222,0.135078,,,,,,
104,1.733333,-0.098331,0.776190,0.135072,,,,,,
105,1.750000,-0.098340,0.776202,0.135079,,,,,,
106,1.766667,-0.098342,0.776202,0.135068,,,,,,
107,1.783333,-0.098368,0.776225,0.135084,,,,,,
108,1.800000,-0.098398,0.776261,0.135081,,,,,,
109,1.816667,-0.098323,0.776200,0.135081,,,,,,
110,1.833333,-0.098367,0.776222,0.135087,,,,,,
111,1.850000,-0.098376,0.776245,0.135071,,,,,,
112,1.866667,-0.098321,0.776189,0.135081,,,,,,
113,1.883333,-0.098360,0.776217,0.135075,,,,,,
114,1.900000,-0.098313,0.776178,0.135076,,,,,,
115,1.916667,-0.098377,0.776244,0.135080,,,,,,
116,1.933333,-0.098344,0.776203,0.135077,,,,,,
117,1.950000,-0.098340,0.776210,0.135069,,,,,,
118,1.966667,-0.098339,0.776208,0.135078,,,,,,
119,1.983333,-0.098337,0.776204,0.135080,,,,,,
120,2.000000,-0.098321,0.776192,0.135077,,,,,,
121,2.016667,-0.098374,0.776252,0.135082,,,,,,
122,2.033333,-0.098366,0.776228,0.135086,,,,,,
123,2.050000,-0.098375,0.776252,0.135081,,,,,,
124,2.066667,-0.098362,0.776219,0.135080,,,,,,
125,2.083333,-0.098353,0.776217,0.135084,,,,,,
126,2.100000,-0.098377,0.776246,0.135089,,,,,,
127,2.116667,-0.098352,0.776236,0.135092,,,,,,
128,2.133333,-0.098357,0.776232,0.135077,,,,,,
129,2.150000,-0.098377,0.776243,0.135091,,,,,,
130,2.166667,-0.098365,0.776229,0.135088,,,,,,
131,2.183333,-0.098350,0.776215,0.135069,,,,,,
132,2.200000,-0.098328,0.776194,0.135079,,,,,,
133,2.216667,-0.098373,0.776242,0.135075,,,,,,
134,2.233333,-0.098349,0.776198,0.135077,,,,,,
135,2.250000,-0.098383,0.776241,0.135083,,,,,,
136,2.266667,-0.098364,0.776209,0.135079,,,,,,
137,2.283333,-0.098352,0.776209,0.135084,,,,,,
138,2.300000,-0.098352,0.776212,0.135084,,,,,,
139,2.316667,-0.098367,0.776226,0.135082,,,,,,
140,2.333333,-0.098336,0.776190,0.135078,,,,,,
141,2.350000,-0.098382,0.776238,0.135073,,,,,,
142,2.366667,-0.098359,0.776214,0.135086,,,,,,
143,2.383333,-0.098390,0.776260,0.135081,,,,,,
144,2.400000,-0.098359,0.776222,0.135093,,,,,,
145,2.416667,-0.098403,0.776259,0.135081,,,,,,
146,2.433333,-0.098368,0.776225,0.135086,,,,,,
147,2.450000,-0.098380,0.776228,0.135083,,,,,,
148,2.466667,-0.098414,0.776270,0.135087,,,,,,
149,2.483333,-0.098367,0.776224,0.135091,,,,,,
150,2.500000,-0.098376,0.776233,0.135088,,,,,,
151,2.516667,-0.098399,0.776260,0.135088,,,,,,
152,2.533333,-0.098385,0.776234,0.135088,,,,,,
153,2.550000,-0.098349,0.776206,0.135082,,,,,,
154,2.566667,-0.098361,0.776192,0.135085,,,,,,
155,2.583333,-0.098349,0.776196,0.135080,,,,,,
156,2.600000,-0.098361,0.776235,0.135079,,,,,,
157,2.616667,-0.098375,0.776225,0.135092,,,,,,
158,2.633333,-0.098351,0.776209,0.135088,,,,,,
159,2.650000,-0.098400,0.776257,0.135090,,,,,,
160,2.666667,-0.098388,0.776240,0.135085,,,,,,
161,2.683333,-0.098419,0.775938,0.135070,,,,,,
162,2.700000,-0.098359,0.776192,0.135084,,,,,,
163,2.716667,-0.098415,0.776268,0.135090,,,,,,
164,2.733333,-0.098380,0.776256,0.135080,,,,,,
165,2.750000,-0.098356,0.776230,0.135083,,,,,,
166,2.766667,-0.098354,0.776206,0.135078,,,,,,
167,2.783333,-0.098351,0.776175,0.135089,,,,,,
168,2.800000,-0.098369,0.776235,0.135074,,,,,,
169,2.816667,-0.098319,0.776184,0.135076,,,,,,
170,2.833333,-0.098339,0.776183,0.135082,,,,,,
171,2.850000,-0.098405,0.776282,0.135088,,,,,,
172,2.866667,-0.098359,0.776227,0.135082,,,,,,
173,2.883333,-0.098356,0.776206,0.135078,,,,,,
174,2.900000,-0.098336,0.776188,0.135081,,,,,,
175,2.916667,-0.098339,0.776208,0.135072,,,,,,
176,2.933333,-0.098355,0.776225,0.135072,,,,,,
177,2.950000,-0.098364,0.776220,0.135080,,,,,,
178,2.966667,-0.098382,0.776238,0.135091,,,,,,
179,2.983333,-0.098370,0.776243,0.135079,,,,,,
180,3.000000,-0.098347,0.776216,0.135076,,,,,,
181,3.016667,-0.098330,0.776196,0.135083,,,,,,
182,3.033333,-0.098344,0.776211,0.135078,,,,,,
183,3.050000,-0.098366,0.776220,0.135071,,,,,,
184,3.066667,-0.098362,0.776227,0.135076,,,,,,
185,3.083333,-0.098408,0.776273,0.135094,,,,,,
186,3.100000,-0.098355,0.776209,0.135071,,,,,,
187,3.116667,-0.098389,0.776257,0.135092,,,,,,
188,3.133333,-0.098388,0.776253,0.135099,,,,,,
189,3.150000,-0.098387,0.776259,0.135095,,,,,,
190,3.166667,-0.098369,0.776225,0.135081,,,,,,
191,3.183333,-0.098389,0.776248,0.135084,,,,,,
192,3.200000,-0.098372,0.776237,0.135081,,,,,,
193,3.216667,-0.098354,0.776207,0.135080,,,,,,
194,3.233333,-0.098359,0.776212,0.135088,,,,,,
195,3.250000,-0.098392,0.776247,0.135092,,,,,,
196,3.266667,-0.098368,0.776242,0.135087,,,,,,
197,3.283333,-0.098384,0.776246,0.135073,,,,,,
198,3.300000,-0.098392,0.776263,0.135093,,,,,,
199,3.316667,-0.098359,0.776230,0.135085,,,,,,
200,3.333333,-0.098393,0.776262,0.135083,,,,,,
201,3.350000,-0.098419,0.776281,0.135090,,,,,,
202,3.366667,-0.098416,0.776272,0.135095,,,,,,
203,3.383333,-0.098347,0.776217,0.135087,,,,,,
204,3.400000,-0.098369,0.776225,0.135089,,,,,,
205,3.416667,-0.098399,0.776266,0.135083,,,,,,
206,3.433333,-0.098354,0.776218,0.135083,,,,,,
207,3.450000,-0.098359,0.776222,0.135091,,,,,,
208,3.466667,-0.098364,0.776232,0.135084,,,,,,
209,3.483333,-0.098365,0.776229,0.135086,,,,,,
210,3.500000,-0.098384,0.776224,0.135084,,,,,,
211,3.516667,-0.098336,0.776198,0.135080,,,,,,
212,3.533333,-0.098354,0.776231,0.135089,,,,,,
213,3.550000,-0.098370,0.776228,0.135074,,,,,,
214,3.566667,-0.098404,0.776266,0.135082,,,,,,
215,3.583333,-0.098353,0.776223,0.135076,,,,,,
216,3.600000,-0.098350,0.776212,0.135067,,,,,,
217,3.616667,-0.098382,0.776240,0.135095,,,,,,
218,3.633333,-0.098407,0.776250,0.135093,,,,,,
219,3.650000,-0.098379,0.776240,0.135087,,,,,,
220,3.666667,-0.098406,0.776264,0.135083,,,,,,
221,3.683333,-0.098364,0.776216,0.135080,,,,,,
222,3.700000,-0.098376,0.776243,0.135074,,,,,,
223,3.716667,-0.098356,0.776201,0.135087,,,,,,
224,3.733333,-0.098407,0.776263,0.135087,,,,,,
225,3.750000,-0.098390,0.776235,0.135082,,,,,,
226,3.766667,-0.098361,0.776212,0.135084,,,,,,
227,3.783333,-0.098385,0.776235,0.135081,,,,,,
228,3.800000,-0.098353,0.776208,0.135076,,,,,,
229,3.816667,-0.098365,0.776215,0.135078,,,,,,
230,3.833333,-0.098354,0.776212,0.135088,,,,,,
231,3.850000,-0.098386,0.776237,0.135093,,,,,,
232,3.866667,-0.098338,0.776204,0.135074,,,,,,
233,3.883333,-0.098371,0.776232,0.135084,,,,,,
234,3.900000,-0.098346,0.776212,0.135083,,,,,,
235,3.916667,-0.098345,0.776191,0.135083,,,,,,
236,3.933333,-0.098354,0.776205,0.135084,,,,,,
237,3.950000,-0.098368,0.776235,0.135080,,,,,,
238,3.966667,-0.098360,0.776214,0.135091,,,,,,
239,3.983333,-0.098330,0.776201,0.135085,,,,,,
240,4.000000,-0.098373,0.776239,0.135086,,,,,,
241,4.016667,-0.098357,0.776222,0.135074,,,,,,
242,4.033333,-0.098358,0.776222,0.135087,,,,,,
243,4.050000,-0.098393,0.776251,0.135092,,,,,,
244,4.066667,-0.098371,0.776228,0.135084,,,,,,
245,4.083333,-0.098377,0.776233,0.135082,,,,,,
246,4.100000,-0.098368,0.776223,0.135084,,,,,,
247,4.116667,-0.098452,0.775965,0.135086,,,,,,
248,4.133333,-0.098401,0.776274,0.135098,,,,,,
249,4.150000,-0.098363,0.776227,0.135081,,,,,,
250,4.166667,-0.098347,0.776202,0.135084,,,,,,
251,4.183333,-0.098386,0.776243,0.135090,,,,,,
252,4.200000,-0.098353,0.776223,0.135086,,,,,,
253,4.216667,-0.098341,0.776206,0.135087,,,,,,
254,4.233333,-0.098360,0.776219,0.135084,,,,,,
255,4.250000,-0.098354,0.776207,0.135072,,,,,,
256,4.266667,-0.098353,0.776211,0.135077,,,,,,
257,4.283333,-0.098394,0.776244,0.135087,,,,,,
258,4.300000,-0.098351,0.776201,0.135073,,,,,,
259,4.316667,-0.098377,0.776238,0.135085,,,,,,
260,4.333333,-0.098359,0.776213,0.135084,,,,,,
261,4.350000,-0.098348,0.776203,0.135089,,,,,,
262,4.366667,-0.098380,0.776232,0.135083,,,,,,
263,4.383333,-0.098370,0.776236,0.135089,,,,,,
264,4.400000,-0.098345,0.776202,0.135080,,,,,,
265,4.416667,-0.098344,0.776191,0.135072,,,,,,
266,4.433333,-0.098383,0.776222,0.135084,,,,,,
267,4.450000,-0.098377,0.776230,0.135085,,,,,,
268,4.466667,-0.098363,0.776235,0.135075,,,,,,
269,4.483333,-0.098370,0.776228,0.135091,,,,,,
270,4.500000,-0.098401,0.776253,0.135083,,,,,,
271,4.516667,-0.098403,0.776273,0.135088,,,,,,
272,4.533333,-0.098350,0.776213,0.135082,,,,,,
273,4.550000,-0.098370,0.776223,0.135078,,,,,,
274,4.566667,-0.098386,0.776238,0.135088,,,,,,
275,4.583333,-0.098312,0.776167,0.135077,,,,,,
276,4.600000,-0.098405,0.776259,0.135089,,,,,,
277,4.616667,-0.098409,0.776250,0.135089,,,,,,
278,4.633333,-0.098374,0.776232,0.135096,,,,,,
279,4.650000,-0.098380,0.776241,0.135089,,,,,,
280,4.666667,-0.098346,0.776193,0.135085,,,,,,
281,4.683333,-0.098385,0.776233,0.135083,,,,,,
282,4.700000,-0.098378,0.776223,0.135083,,,,,,
283,4.716667,-0.098365,0.776217,0.135082,,,,,,
284,4.733333,-0.098322,0.776178,0.135089,,,,,,
285,4.750000,-0.098354,0.776211,0.135084,,,,,,
286,4.766667,-0.098356,0.776214,0.135082,,,,,,
287,4.783333,-0.098382,0.776241,0.135092,,,,,,
288,4.800000,-0.098363,0.776215,0.135093,,,,,,
289,4.816667,-0.098359,0.776216,0.135076,,,,,,
290,4.833333,-0.098361,0.776219,0.135086,,,,,,
291,4.850000,-0.098369,0.776225,0.135092,,,,,,
292,4.866667,-0.098349,0.776212,0.135081,,,,,,
293,4.883333,-0.098370,0.776230,0.135084,,,,,,
294,4.900000,-0.098351,0.776210,0.135086,,,,,,
295,4.916667,-0.098370,0.776225,0.135093,,,,,,
296,4.933333,-0.098364,0.776210,0.135078,,,,,,
297,4.950000,-0.098363,0.776219,0.135092,,,,,,
298,4.966667,-0.098384,0.776238,0.135094,,,,,,
299,4.983333,-0.098335,0.776189,0.135082,,,,,,
300,5.000000,-0.098330,0.776196,0.135082,,,,,,
301,5.016667,-0.098370,0.776234,0.135094,,,,,,
302,5.033333,-0.098356,0.776215,0.135089,,,,,,
303,5.050000,-0.098352,0.776198,0.135079,,,,,,
304,5.066667,-0.098357,0.776206,0.135082,,,,,,
305,5.083333,-0.098419,0.776254,0.135080,,,,,,
306,5.100000,-0.098409,0.776263,0.135088,,,,,,
307,5.116667,-0.098390,0.776237,0.135093,,,,,,
308,5.133333,-0.098406,0.776251,0.135101,,,,,,
309,5.150000,-0.098398,0.776246,0.135102,,,,,,
310,5.166667,-0.098376,0.776225,0.135088,,,,,,
311,5.183333,-0.098367,0.776228,0.135089,,,,,,
312,5.200000,-0.098364,0.776220,0.135079,,,,,,
313,5.216667,-0.098369,0.776220,0.135090,,,,,,
314,5.233333,-0.098383,0.776227,0.135085,,,,,,
315,5.250000,-0.098339,0.776201,0.135076,,,,,,
316,5.266667,-0.098346,0.776196,0.135078,,,,,,
317,5.283333,-0.098372,0.776229,0.135087,,,,,,
318,5.300000,-0.098386,0.776241,0.135083,,,,,,
319,5.316667,-0.098335,0.776189,0.135076,,,,,,
320,5.333333,-0.098362,0.776226,0.135077,,,,,,
321,5.350000,-0.098343,0.776205,0.135079,,,,,,
322,5.366667,-0.098364,0.776214,0.135084,,,,,,
323,5.383333,-0.098348,0.776197,0.135078,,,,,,
324,5.400000,-0.098380,0.776239,0.135085,,,,,,
325,5.416667,-0.098326,0.776186,0.135067,,,,,,
326,5.433333,-0.098243,0.776111,0.135038,,,,,,
327,5.450000,-0.098252,0.776108,0.135043,,,,,,
328,5.466667,-0.098191,0.776051,0.135013,,,,,,
329,5.483333,-0.098247,0.776101,0.135054,,,,,,
330,5.500000,-0.098324,0.776197,0.135146,,,,,,
331,5.516667,-0.098359,0.776248,0.135223,,,,,,
332,5.533333,-0.098264,0.776186,0.135229,,,,,,
333,5.550000,-0.098384,0.776304,0.135317,,,,,,
334,5.566667,-0.098282,0.776205,0.135295,,,,,,
335,5.583333,-0.097722,0.775880,0.135256,,,,,,
336,5.600000,-0.097783,0.776157,0.135239,,,,,,
337,5.616667,-0.097807,0.776671,0.135076,,,,,,
338,5.633333,-0.097905,0.777558,0.135037,,,,,,
339,5.650000,-0.098086,0.779254,0.135026,,,,,,
340,5.666667,-0.098500,0.781249,0.135006,,,,,,
341,5.683333,-0.098122,0.783087,0.134986,,,,,,
342,5.700000,-0.098100,0.785486,0.135037,,,,,,
343,5.716667,-0.098849,0.788574,0.135009,,,,,,
344,5.733333,-0.099229,0.791575,0.135071,,,,,,
345,5.750000,-0.099551,0.794700,0.135170,,,,,,
346,5.766667,-0.100415,0.798106,0.135304,,,,,,
347,5.783333,-0.101097,0.801406,0.135500,,,,,,
348,5.800000,-0.101698,0.803976,0.135772,,,,,,
349,5.816667,-0.100993,0.806624,0.135386,,,,,,
350,5.833333,-0.101437,0.808850,0.135497,,,,,,
351,5.850000,-0.101254,0.810228,0.135465,,,,,,
352,5.866667,-0.102522,0.812821,0.136137,,,,,,
353,5.883333,-0.104230,0.814497,0.136698,,,,,,
354,5.900000,-0.104587,0.815337,0.136758,,,,,,
355,5.916667,-0.105249,0.816223,0.137025,,,,,,
356,5.933333,-0.106240,0.816909,0.137431,,,,,,
357,5.950000,-0.106496,0.816980,0.137616,,,,,,
358,5.966667,-0.107308,0.817601,0.138026,,,,,,
359,5.983333,-0.107909,0.817974,0.138391,,,,,,
360,6.000000,-0.087043,0.796588,0.129067,,,,,,
361,6.016667,-0.087247,0.796785,0.129255,,,,,,
362,6.033333,-0.087535,0.797069,0.129559,,,,,,
363,6.050000,-0.087849,0.797530,0.129742,,,,,,
364,6.066667,-0.087986,0.798352,0.129801,,,,,,
365,6.083333,-0.106563,0.819148,0.138148,,,,,,
366,6.100000,-0.106455,0.820731,0.138257,,,,,,
367,6.116667,-0.106493,0.822660,0.138307,,,,,,
368,6.133333,-0.107266,0.826061,0.138373,,,,,,
369,6.150000,-0.107402,0.829279,0.138488,,,,,,
370,6.166667,-0.107821,0.833116,0.138536,,,,,,
371,6.183333,-0.109111,0.837961,0.138953,,,,,,
372,6.200000,-0.110427,0.842490,0.139325,,,,,,
373,6.216667,-0.112580,0.847496,0.140000,,,,,,
374,6.233333,-0.112370,0.850629,0.139721,,,,,,
375,6.250000,-0.112653,0.853882,0.139636,,,,,,
376,6.266667,-0.113595,0.857372,0.139925,,,,,,
377,6.283333,-0.114238,0.860341,0.139935,,,,,,
378,6.300000,-0.113711,0.862008,0.139219,,,,,,
379,6.316667,-0.112303,0.862405,0.138769,,,,,,
380,6.333333,-0.112751,0.864326,0.138699,,,,,,
381,6.350000,-0.113074,0.865463,0.138617,,,,,,
382,6.366667,-0.112861,0.866184,0.138596,,,,,,
383,6.383333,-0.113975,0.868201,0.138880,,,,,,
384,6.400000,-0.114556,0.869411,0.139022,,,,,,
385,6.416667,-0.114707,0.870174,0.138885,,,,,,
386,6.433333,-0.094915,0.850693,0.129964,,,,,,
387,6.450000,-0.094786,0.851836,0.129705,,,,,,
388,6.466667,-0.094605,0.852934,0.129524,,,,,,
389,6.483333,-0.093481,0.854090,0.129235,,,,,,
390,6.500000,-0.093358,0.856032,0.128906,,,,,,
391,6.516667,-0.093096,0.858623,0.128743,,,,,,
392,6.533333,-0.092976,0.861636,0.128472,,,,,,
393,6.550000,-0.092788,0.865367,0.128306,,,,,,
394,6.566667,-0.111278,0.888701,0.136698,,,,,,
395,6.583333,-0.111143,0.894141,0.136463,-0.092753,0.875419,0.127367,,,
396,6.600000,,,,,,,,,
397,6.616667,,,,-0.093365,0.886260,0.127710,,,
398,6.633333,,,,-0.093748,0.892469,0.127494,,,
399,6.650000,,,,-0.094033,0.898743,0.127415,,,
400,6.666667,,,,-0.094683,0.904694,0.127462,,,
401,6.683333,,,,-0.095176,0.910673,0.127362,,,
402,6.700000,,,,-0.095837,0.916266,0.127397,,,
403,6.716667,,,,-0.096776,0.921802,0.127572,,,
404,6.733333,,,,-0.097521,0.927035,0.127546,,,
405,6.750000,,,,-0.098558,0.931992,0.127621,,,
406,6.766667,,,,-0.099515,0.936566,0.127809,,,
407,6.783333,,,,-0.100382,0.940942,0.127802,,,
408,6.800000,,,,-0.101288,0.944734,0.128073,,,
409,6.816667,,,,-0.102338,0.948285,0.128373,,,
410,6.833333,,,,-0.103426,0.951713,0.128421,,,
411,6.850000,,,,-0.104593,0.954756,0.128732,,,
412,6.866667,,,,-0.105704,0.957575,0.129019,,,
413,6.883333,,,,-0.106900,0.960214,0.129253,,,
414,6.900000,,,,-0.108131,0.962437,0.129694,,,
415,6.916667,,,,-0.109150,0.964659,0.129930,,,
416,6.933333,,,,-0.110326,0.966634,0.130325,,,
417,6.950000,,,,-0.111481,0.968551,0.130590,,,
418,6.966667,,,,-0.112610,0.970524,0.130886,,,
419,6.983333,,,,-0.113577,0.972312,0.131181,,,
420,7.000000,,,,-0.114667,0.974156,0.131544,,,
421,7.016667,,,,-0.115517,0.976176,0.131767,,,
422,7.033333,,,,-0.116347,0.978174,0.132201,,,
423,7.050000,,,,-0.117241,0.980046,0.132463,,,
424,7.066667,,,,-0.117965,0.982106,0.132713,,,
425,7.083333,,,,-0.118614,0.984168,0.133016,,,
426,7.100000,,,,-0.119203,0.986181,0.133275,,,
427,7.116667,,,,-0.119490,0.988347,0.133463,,,
428,7.133333,,,,-0.119973,0.990325,0.133637,,,
429,7.150000,,,,-0.120229,0.992260,0.133869,,,
430,7.166667,,,,-0.120384,0.994208,0.134069,,,
431,7.183333,,,,-0.120549,0.996103,0.134158,,,
432,7.200000,,,,-0.120585,0.997692,0.134400,,,
433,7.216667,,,,-0.120402,0.999511,0.134434,,,
434,7.233333,,,,-0.120399,1.000859,0.134676,,,
435,7.250000,,,,-0.120256,1.002345,0.134679,,,
436,7.266667,,,,-0.119881,1.003642,0.134810,,,
437,7.283333,,,,-0.119532,1.004829,0.134848,,,
438,7.300000,,,,-0.119156,1.005832,0.134981,,,
439,7.316667,,,,-0.118746,1.006807,0.134944,,,
440,7.333333,,,,-0.118208,1.007731,0.134989,,,
441,7.350000,,,,-0.117732,1.008325,0.135078,,,
442,7.366667,,,,-0.117111,1.009088,0.135065,,,
443,7.383333,,,,-0.116608,1.009528,0.135022,,,
444,7.400000,,,,-0.115917,1.010181,0.135184,,,
445,7.416667,,,,-0.115245,1.010803,0.134963,,,
446,7.433333,,,,-0.114625,1.011258,0.134831,,,
447,7.450000,,,,-0.113911,1.011793,0.134915,,,
448,7.466667,,,,-0.113162,1.012314,0.134846,,,
449,7.483333,,,,-0.112539,1.012689,0.134711,,,
450,7.500000,,,,-0.111923,1.013044,0.134678,,,
451,7.516667,,,,-0.111147,1.013685,0.134674,,,
452,7.533333,,,,-0.110502,1.014035,0.134447,,,
453,7.550000,,,,-0.109923,1.014314,0.134372,,,
454,7.566667,,,,-0.109378,1.014617,0.134223,,,
455,7.583333,,,,-0.108805,1.014965,0.134052,,,
456,7.600000,,,,-0.108211,1.015288,0.133999,,,
457,7.616667,,,,-0.107711,1.015450,0.133923,,,
458,7.633333,,,,-0.107228,1.015620,0.133693,,,
459,7.650000,,,,-0.106736,1.015792,0.133495,,,
460,7.666667,,,,-0.106296,1.015909,0.133299,,,
461,7.683333,,,,-0.105954,1.015967,0.133180,,,
462,7.700000,,,,-0.105663,1.016019,0.133018,,,
463,7.716667,,,,-0.105370,1.015952,0.132768,,,
464,7.733333,,,,-0.105064,1.016014,0.132651,,,
465,7.750000,,,,-0.104857,1.016023,0.132506,,,
466,7.766667,,,,-0.104635,1.016012,0.132183,,,
467,7.783333,,,,-0.104381,1.016078,0.131964,,,
468,7.800000,,,,-0.104232,1.016045,0.131839,,,
469,7.816667,,,,-0.104066,1.016062,0.131645,,,
470,7.833333,,,,-0.103963,1.016028,0.131500,,,
471,7.850000,,,,-0.103883,1.015985,0.131331,,,
472,7.866667,,,,-0.103805,1.015952,0.131165,,,
473,7.883333,,,,-0.103719,1.015825,0.130957,,,
474,7.900000,,,,-0.103658,1.015798,0.130793,,,
475,7.916667,,,,-0.103602,1.015766,0.130668,,,
476,7.933333,,,,-0.103589,1.015752,0.130438,,,
477,7.950000,,,,-0.103512,1.015739,0.130255,,,
478,7.966667,,,,-0.103530,1.015728,0.130048,,,
479,7.983333,,,,-0.103502,1.015765,0.129925,,,
480,8.000000,,,,-0.103504,1.015756,0.129707,,,
481,8.016667,,,,-0.103505,1.015839,0.129533,,,
482,8.033333,,,,-0.103471,1.015944,0.129417,,,
483,8.050000,,,,-0.103374,1.016126,0.129212,,,
484,8.066667,,,,-0.103383,1.016222,0.129090,,,
485,8.083333,,,,-0.103358,1.016338,0.128989,,,
486,8.100000,,,,-0.103323,1.016422,0.128832,,,
487,8.116667,,,,-0.103301,1.016527,0.128744,,,
488,8.133333,,,,-0.103308,1.016490,0.128602,,,
489,8.150000,,,,-0.103270,1.016525,0.128485,,,
490,8.166667,,,,-0.103250,1.016516,0.128450,,,
491,8.183333,,,,-0.103214,1.016482,0.128392,,,
492,8.200000,,,,-0.103196,1.016418,0.128322,,,
493,8.216667,,,,-0.103132,1.016360,0.128300,,,
494,8.233333,,,,-0.103080,1.016250,0.128252,,,
495,8.250000,,,,-0.103033,1.016158,0.128224,,,
496,8.266667,,,,-0.102983,1.016032,0.128285,,,
497,8.283333,,,,-0.102947,1.015943,0.128298,,,
498,8.300000,,,,-0.102852,1.015891,0.128278,,,
499,8.316667,,,,-0.102817,1.015839,0.128304,,,
500,8.333333,,,,-0.102773,1.015840,0.128352,,,
501,8.350000,,,,-0.102673,1.015864,0.128325,,,
502,8.366667,,,,-0.102649,1.015889,0.128391,,,
503,8.383333,,,,-0.102568,1.016000,0.128433,,,
504,8.400000,,,,-0.102478,1.016098,0.128437,,,
505,8.416667,,,,-0.102422,1.016233,0.128539,,,
506,8.433333,,,,-0.102356,1.016386,0.128542,,,
507,8.450000,,,,-0.102277,1.016531,0.128567,,,
508,8.466667,,,,-0.102118,1.016922,0.128719,,,
509,8.483333,,,,-0.102067,1.017107,0.128734,,,
510,8.500000,,,,-0.101976,1.017287,0.128741,,,
511,8.516667,,,,-0.101934,1.017443,0.128732,,,
512,8.533333,,,,-0.101821,1.017662,0.128703,,,
513,8.550000,,,,-0.101736,1.017779,0.128685,,,
514,8.566667,,,,-0.101668,1.017827,0.128690,,,
515,8.583333,,,,-0.101592,1.017873,0.128686,,,
516,8.600000,,,,-0.101527,1.017859,0.128659,,,
517,8.616667,,,,-0.101447,1.017828,0.128664,,,
518,8.633333,,,,-0.101355,1.017742,0.128676,,,
519,8.650000,,,,-0.101256,1.017667,0.128584,,,
520,8.666667,,,,-0.101190,1.017543,0.128598,,,
521,8.683333,,,,-0.101125,1.017420,0.128622,,,
522,8.700000,,,,-0.101057,1.017281,0.128597,,,
523,8.716667,,,,-0.100977,1.017209,0.128567,,,
524,8.733333,,,,-0.100959,1.017100,0.128611,,,
525,8.750000,,,,-0.100893,1.017046,0.128564,,,
526,8.766667,,,,-0.100825,1.016915,0.128459,,,
527,8.783333,,,,-0.100822,1.016836,0.128525,,,
528,8.800000,,,,-0.100768,1.016812,0.128496,,,
529,8.816667,,,,-0.100716,1.016746,0.128466,,,
530,8.833333,,,,-0.100753,1.016606,0.128546,,,
531,8.850000,,,,-0.100735,1.016551,0.128542,,,
532,8.866667,,,,-0.100690,1.016505,0.128514,,,
533,8.883333,,,,-0.100676,1.016465,0.128488,,,
534,8.900000,,,,-0.100657,1.016428,0.128492,,,
535,8.916667,,,,-0.100617,1.016418,0.128449,,,
536,8.933333,,,,-0.100601,1.016416,0.128396,,,
537,8.950000,,,,-0.100532,1.016526,0.128327,,,
538,8.966667,,,,-0.100504,1.016572,0.128286,,,
539,8.983333,,,,-0.100501,1.016589,0.128283,,,
540,9.000000,,,,-0.100461,1.016653,0.128211,,,
541,9.016667,,,,-0.100460,1.016702,0.128209,,,
542,9.033333,,,,-0.100465,1.016754,0.128199,,,
543,9.050000,,,,-0.100446,1.016782,0.128135,,,
544,9.066667,,,,-0.100452,1.016822,0.128169,,,
545,9.083333,,,,-0.100467,1.016868,0.128185,,,
546,9.100000,,,,-0.100450,1.016878,0.128190,,,
547,9.116667,,,,-0.100461,1.016940,0.128219,,,
548,9.133333,,,,-0.100491,1.016954,0.128318,,,
549,9.150000,,,,-0.100485,1.016994,0.128358,,,
550,9.166667,,,,-0.100510,1.017078,0.128490,,,
551,9.183333,,,,-0.100562,1.017095,0.128709,,,
552,9.200000,,,,-0.100560,1.017128,0.128844,,,
553,9.216667,,,,-0.100557,1.017100,0.129044,,,
554,9.233333,,,,-0.100613,1.017019,0.129361,,,
555,9.250000,,,,-0.100535,1.017075,0.129634,,,
556,9.266667,,,,-0.100414,1.017085,0.129982,,,
557,9.283333,,,,-0.100394,1.017021,0.130237,,,
558,9.300000,,,,-0.100363,1.017031,0.130632,,,
559,9.316667,,,,-0.100272,1.016985,0.130989,,,
560,9.333333,,,,-0.100205,1.016866,0.131433,,,
561,9.350000,,,,-0.099948,1.016887,0.131993,,,
562,9.366667,,,,-0.099911,1.016596,0.132653,,,
563,9.383333,,,,-0.099864,1.016542,0.133340,,,
564,9.400000,,,,-0.099761,1.016423,0.133935,,,
565,9.416667,,,,-0.099473,1.016462,0.134657,,,
566,9.433333,,,,-0.099389,1.016414,0.135511,,,
567,9.450000,,,,-0.099277,1.016258,0.136531,,,
568,9.466667,,,,-0.099093,1.016359,0.137410,,,
569,9.483333,,,,-0.098896,1.016405,0.138389,,,
570,9.500000,,,,-0.098701,1.016529,0.139620,,,
571,9.516667,,,,-0.098484,1.016576,0.140767,,,
572,9.533333,,,,-0.098348,1.016673,0.142033,,,
573,9.550000,,,,-0.098148,1.016866,0.143406,,,
574,9.566667,,,,-0.097925,1.016812,0.144771,,,
575,9.583333,,,,-0.097694,1.016967,0.146408,,,
576,9.600000,,,,-0.097354,1.017076,0.147884,,,
577,9.616667,,,,-0.097145,1.016990,0.149622,,,
578,9.633333,,,,-0.096791,1.017115,0.151255,,,
579,9.650000,,,,-0.096572,1.017059,0.153149,,,
580,9.666667,,,,-0.096186,1.017113,0.154973,,,
581,9.683333,,,,-0.095833,1.017102,0.156970,,,
582,9.700000,,,,-0.095409,1.017123,0.158988,,,
583,9.716667,,,,-0.095001,1.017073,0.161086,,,
584,9.733333,,,,-0.094452,1.017106,0.163277,,,
585,9.750000,,,,-0.094025,1.016977,0.165490,,,
586,9.766667,,,,-0.093453,1.016999,0.167745,,,
587,9.783333,,,,-0.092951,1.016811,0.170168,,,
588,9.800000,,,,-0.092390,1.016949,0.172559,,,
589,9.816667,,,,-0.091700,1.016902,0.175081,,,
590,9.833333,,,,-0.091026,1.016887,0.177740,,,
591,9.850000,,,,-0.090450,1.016915,0.180315,,,
592,9.866667,,,,-0.089790,1.016962,0.183071,,,
593,9.883333,,,,-0.089014,1.017036,0.185876,,,
594,9.900000,,,,-0.088256,1.017240,0.188701,,,
595,9.916667,,,,-0.087493,1.017279,0.191686,,,
596,9.933333,,,,-0.086735,1.017323,0.194699,,,
597,9.950000,,,,-0.085836,1.017609,0.197762,,,
598,9.966667,,,,-0.085154,1.017660,0.200893,,,
599,9.983333,,,,-0.084232,1.017751,0.204093,,,
600,10.000000,,,,-0.083238,1.018025,0.207395,,,
601,10.016667,,,,-0.082537,1.017963,0.210696,,,
602,10.033333,,,,-0.081537,1.018015,0.214047,,,
603,10.050000,,,,-0.080561,1.018077,0.217612,,,
604,10.066667,,,,-0.079738,1.017927,0.220972,,,
605,10.083333,,,,-0.078798,1.017952,0.224611,,,
606,10.100000,,,,-0.077705,1.018021,0.228259,,,
607,10.116667,,,,-0.076730,1.017960,0.232058,,,
608,10.133333,,,,-0.075703,1.017834,0.235763,,,
609,10.150000,,,,-0.074648,1.017819,0.239572,,,
610,10.166667,,,,-0.073648,1.017747,0.243457,,,
611,10.183333,,,,-0.072575,1.017669,0.247367,,,
612,10.200000,,,,-0.071515,1.017449,0.251140,,,
613,10.216667,,,,-0.070498,1.017280,0.255126,,,
614,10.233333,,,,-0.069306,1.017296,0.259329,,,
615,10.250000,,,,-0.068274,1.017159,0.263441,,,
616,10.266667,,,,-0.067146,1.017112,0.267466,,,
617,10.283333,,,,-0.066033,1.017093,0.271582,,,
618,10.300000,,,,-0.064878,1.016946,0.275635,,,
619,10.316667,,,,-0.063711,1.016907,0.279757,,,
620,10.333333,,,,-0.062582,1.016871,0.283991,,,
621,10.350000,,,,-0.061415,1.016865,0.288163,,,
622,10.366667,,,,-0.060221,1.016840,0.292428,,,
623,10.383333,,,,-0.059018,1.016801,0.296758,,,
624,10.400000,,,,-0.057833,1.016758,0.300999,,,
625,10.416667,,,,-0.056587,1.016787,0.305172,,,
626,10.433333,,,,-0.055306,1.016815,0.309343,,,
627,10.450000,,,,-0.054006,1.016783,0.313626,,,
628,10.466667,,,,-0.052770,1.016991,0.317323,,,
629,10.483333,,,,-0.051446,1.016726,0.322093,,,
630,10.500000,,,,-0.050136,1.016792,0.326219,,,
631,10.516667,,,,-0.048802,1.017121,0.329998,,,
632,10.533333,,,,-0.047480,1.017157,0.334153,,,
633,10.550000,,,,-0.046226,1.017022,0.338272,,,
634,10.566667,,,,-0.045019,1.016972,0.342427,,,
635,10.583333,,,,-0.043644,1.016919,0.346640,,,
636,10.600000,,,,-0.042290,1.016960,0.350622,,,
637,10.616667,,,,-0.041029,1.016819,0.354582,,,
638,10.633333,,,,-0.039586,1.016867,0.358591,,,
639,10.650000,,,,-0.038248,1.016861,0.362575,,,
640,10.666667,,,,-0.036957,1.016656,0.366432,,,
641,10.683333,,,,-0.035613,1.016325,0.370601,,,
642,10.700000,,,,-0.034247,1.016288,0.374472,,,
643,10.716667,,,,-0.032915,1.016178,0.378181,,,
644,10.733333,,,,-0.031547,1.016121,0.381926,,,
645,10.750000,,,,-0.030414,1.015968,0.385570,,,
646,10.766667,,,,-0.028976,1.015997,0.389265,,,
647,10.783333,,,,-0.027752,1.015838,0.392880,,,
648,10.800000,,,,-0.026414,1.015839,0.396510,,,
649,10.816667,,,,-0.025177,1.015520,0.400200,,,
650,10.833333,,,,-0.023902,1.015499,0.403728,,,
651,10.850000,,,,-0.022832,1.015428,0.407151,,,
652,10.866667,,,,-0.021673,1.015306,0.410436,,,
653,10.883333,,,,-0.020440,1.015418,0.413814,,,
654,10.900000,,,,-0.019342,1.015418,0.417089,,,
655,10.916667,,,,-0.018344,1.015270,0.420197,,,
656,10.933333,,,,-0.017160,1.015660,0.423131,,,
657,10.950000,,,,-0.016127,1.015687,0.426303,,,
658,10.966667,,,,-0.015225,1.015568,0.429245,,,
659,10.983333,,,,-0.014209,1.015462,0.432164,,,
660,11.000000,,,,-0.013173,1.015403,0.434917,,,
661,11.016667,,,,-0.012365,1.015181,0.437778,,,
662,11.033333,,,,-0.011362,1.015188,0.440688,,,
663,11.050000,,,,-0.010525,1.015024,0.443433,,,
664,11.066667,,,,-0.009726,1.015195,0.445799,,,
665,11.083333,,,,-0.008798,1.015098,0.448189,,,
666,11.100000,,,,-0.008064,1.014860,0.450795,,,
667,11.116667,,,,-0.007476,1.014509,0.453193,,,
668,11.133333,,,,-0.006601,1.014694,0.455188,,,
669,11.150000,,,,-0.005921,1.014549,0.457458,,,
670,11.166667,,,,-0.005252,1.014381,0.459880,,,
671,11.183333,,,,-0.004534,1.014509,0.461642,,,
672,11.200000,,,,-0.003963,1.014186,0.463680,,,
673,11.216667,,,,-0.003499,1.013922,0.465947,,,
674,11.233333,,,,-0.002844,1.014190,0.467409,,,
675,11.250000,,,,-0.002301,1.013955,0.469474,,,
676,11.266667,,,,-0.001852,1.014026,0.470819,,,
677,11.283333,,,,-0.001397,1.013854,0.472816,,,
678,11.300000,,,,-0.000872,1.013935,0.474023,,,
679,11.316667,,,,-0.000531,1.014042,0.475602,,,
680,11.333333,,,,-0.000094,1.014004,0.477129,,,
681,11.350000,,,,0.000178,1.013976,0.478442,,,
682,11.366667,,,,0.000652,1.014016,0.479975,,,
683,11.383333,,,,0.000961,1.014126,0.480882,,,
684,11.400000,,,,0.001229,1.014361,0.482203,,,
685,11.416667,,,,0.001712,1.013480,0.483555,,,
686,11.433333,,,,0.002088,1.013904,0.484534,,,
687,11.450000,,,,0.002280,1.013951,0.485497,,,
688,11.466667,,,,0.002392,1.014864,0.486301,,,
689,11.483333,,,,0.002815,1.014193,0.487480,,,
690,11.500000,,,,0.002874,1.014197,0.488329,,,
691,11.516667,,,,0.003016,1.015203,0.488902,,,
692,11.533333,,,,0.003193,1.015332,0.489496,,,
693,11.550000,,,,0.003637,1.014839,0.490382,,,
694,11.566667,,,,0.003585,1.015693,0.490942,,,
695,11.583333,,,,0.004022,1.014876,0.491989,,,
696,11.600000,,,,0.004216,1.014984,0.492400,,,
697,11.616667,,,,0.004394,1.015137,0.492837,,,
698,11.633333,,,,0.004566,1.015350,0.493374,,,
699,11.650000,,,,0.004575,1.015274,0.493966,,,
700,11.666667,,,,0.004661,1.013911,0.495258,,,
701,11.683333,,,,0.004790,1.013849,0.495650,,,
702,11.700000,,,,0.004914,1.014883,0.495385,,,
703,11.716667,,,,0.005084,1.014884,0.495650,,,
704,11.733333,,,,0.005256,1.015072,0.495934,,,
705,11.750000,,,,0.005340,1.015085,0.496251,,,
706,11.766667,,,,0.005535,1.015227,0.496591,,,
707,11.783333,,,,0.005511,1.013916,0.497851,,,
708,11.800000,,,,0.005541,1.013912,0.498173,,,
709,11.816667,,,,0.005586,1.013924,0.498440,,,
710,11.833333,,,,0.005655,1.013990,0.498616,,,
711,11.850000,,,,0.005511,1.016056,0.497973,,,
712,11.866667,,,,0.005528,1.016073,0.498203,,,
713,11.883333,,,,0.005570,1.016124,0.498345,,,
714,11.900000,,,,0.005553,1.016155,0.498548,,,
715,11.916667,,,,0.005663,1.014347,0.499625,,,
716,11.933333,,,,0.005704,1.015291,0.499232,,,
717,11.950000,,,,0.005721,1.015366,0.499464,,,
718,11.966667,,,,0.005472,1.015207,0.499844,,,
719,11.983333,,,,0.005432,1.015163,0.499979,,,
720,12.000000,,,,0.005405,1.015086,0.500062,,,
721,12.016667,,,,0.005371,1.014081,0.500658,,,
722,12.033333,,,,0.005224,1.014829,0.500339,,,
723,12.050000,,,,0.005155,1.014697,0.500430,,,
724,12.066667,,,,0.005001,1.014534,0.500525,,,
725,12.083333,,,,0.004608,1.014959,0.500443,,,
726,12.100000,,,,0.004494,1.014826,0.500543,,,
727,12.116667,,,,0.004372,1.014725,0.500591,,,
728,12.133333,,,,0.004218,1.014633,0.500729,,,
729,12.150000,,,,0.004110,1.014579,0.500828,,,
730,12.166667,,,,0.003997,1.014539,0.500937,,,
731,12.183333,,,,0.004079,1.013971,0.501259,,,
732,12.200000,,,,0.003955,1.014020,0.501332,,,
733,12.216667,,,,0.003729,1.013993,0.501558,,,
734,12.233333,,,,0.003593,1.013049,0.502210,,,
735,12.250000,,,,0.003509,1.014279,0.501801,,,
736,12.266667,,,,0.003370,1.014351,0.501862,,,
737,12.283333,,,,0.003258,1.014431,0.501941,,,
738,12.300000,,,,0.003077,1.014484,0.502024,,,
739,12.316667,,,,0.002957,1.014595,0.502110,,,
740,12.333333,,,,0.002810,1.014684,0.502217,,,
741,12.350000,,,,0.002684,1.014791,0.502312,,,
742,12.366667,,,,0.002589,1.014889,0.502432,,,
743,12.383333,,,,0.002515,1.015055,0.502568,,,
744,12.400000,,,,0.002432,1.015162,0.502653,,,
745,12.416667,,,,0.002212,1.014142,0.503530,,,
746,12.433333,,,,0.002177,1.014360,0.503621,,,
747,12.450000,,,,0.002012,1.015420,0.503272,,,
748,12.466667,,,,0.001940,1.015476,0.503373,,,
749,12.483333,,,,0.001815,1.015528,0.503535,,,
750,12.500000,,,,0.001715,1.015579,0.503592,,,
751,12.516667,,,,0.001683,1.015635,0.503634,,,
752,12.533333,,,,0.001577,1.015661,0.503760,,,
753,12.550000,,,,0.001465,1.015661,0.503851,,,
754,12.566667,,,,0.001389,1.015701,0.503923,,,
755,12.583333,,,,0.001191,1.015654,0.504070,,,
756,12.600000,,,,0.001053,1.015652,0.504203,,,
757,12.616667,,,,0.000948,1.015688,0.504249,,,
758,12.633333,,,,0.000692,1.014527,0.505163,,,
759,12.650000,,,,0.000567,1.014494,0.505323,,,
760,12.666667,,,,0.000483,1.014479,0.505373,,,
761,12.683333,,,,0.000391,1.014468,0.505491,,,
762,12.700000,,,,0.000348,1.015540,0.505080,,,
763,12.716667,,,,0.000335,1.015556,0.505099,,,
764,12.733333,,,,0.000355,1.015637,0.505196,,,
765,12.750000,,,,0.000312,1.015643,0.505273,,,
766,12.766667,,,,0.000266,1.015747,0.505385,,,
767,12.783333,,,,0.000226,1.015812,0.505419,,,
768,12.800000,,,,0.000229,1.015873,0.505491,,,
769,12.816667,,,,0.000248,1.015962,0.505510,,,
770,12.833333,,,,0.000218,1.016022,0.505555,,,
771,12.850000,,,,0.000251,1.016105,0.505590,,,
772,12.866667,,,,0.000299,1.016187,0.505579,,,
773,12.883333,,,,0.000303,1.016252,0.505621,,,
774,12.900000,,,,0.000208,1.015248,0.506316,,,
775,12.916667,,,,0.000267,1.015314,0.506285,,,
776,12.933333,,,,0.000292,1.015342,0.506284,,,
777,12.950000,,,,0.000296,1.015336,0.506251,,,
778,12.966667,,,,0.000353,1.015330,0.506213,,,
779,12.983333,,,,0.000400,1.015288,0.506202,,,
780,13.000000,,,,0.000518,1.016302,0.505479,,,
781,13.016667,,,,0.000579,1.016251,0.505402,,,
782,13.033333,,,,0.000635,1.016180,0.505361,,,
783,13.050000,,,,0.000681,1.016089,0.505343,,,
784,13.066667,,,,0.000749,1.016011,0.505275,,,
785,13.083333,,,,0.000843,1.015841,0.505151,,,
786,13.100000,,,,0.000983,1.015767,0.505138,,,
787,13.116667,,,,0.001079,1.014499,0.505534,,,
788,13.133333,,,,0.001378,1.015432,0.504870,,,
789,13.150000,,,,0.001697,1.015325,0.504724,,,
790,13.166667,,,,0.001992,1.015160,0.504673,,,
791,13.183333,,,,0.002116,1.015661,0.504496,,,
792,13.200000,,,,0.002492,1.015554,0.504499,,,
793,13.216667,,,,0.003332,1.014669,0.504880,,,
794,13.233333,,,,0.003810,1.014604,0.504867,,,
795,13.250000,,,,0.004427,1.014581,0.504887,,,
796,13.266667,,,,0.005161,1.015269,0.504658,,,
797,13.283333,,,,0.006248,1.014610,0.504837,,,
798,13.300000,,,,0.007241,1.014459,0.504984,,,
799,13.316667,,,,0.008309,1.014442,0.505095,,,
800,13.333333,,,,0.009504,1.014575,0.505117,,,
801,13.350000,,,,0.010969,1.014590,0.505171,,,
802,13.366667,,,,0.012331,1.014474,0.505342,,,
803,13.383333,,,,0.013648,1.015156,0.505230,,,
804,13.400000,,,,0.015555,1.013163,0.506465,,,
805,13.416667,,,,0.017536,1.014457,0.505667,,,
806,13.433333,,,,0.019379,1.015181,0.505714,,,
807,13.450000,,,,0.021970,1.014557,0.506043,,,
808,13.466667,,,,0.024035,1.015297,0.506044,,,
809,13.483333,,,,0.026565,1.015291,0.506212,,,
810,13.500000,,,,0.029568,1.014665,0.506835,,,
811,13.516667,,,,0.032277,1.015682,0.506721,,,
812,13.533333,,,,0.035449,1.015783,0.506921,,,
813,13.550000,,,,0.038939,1.015203,0.507481,,,
814,13.566667,,,,0.042422,1.015465,0.507610,,,
815,13.583333,,,,0.045864,1.016054,0.507566,,,
816,13.600000,,,,0.050055,1.015548,0.507903,,,
817,13.616667,,,,0.053914,1.016242,0.507951,,,
818,13.633333,,,,0.058386,1.015701,0.508357,,,
819,13.650000,,,,0.062893,1.015767,0.508711,,,
820,13.666667,,,,0.067680,1.015929,0.508849,,,
821,13.683333,,,,0.072669,1.015975,0.508975,,,
822,13.700000,,,,0.077659,1.015940,0.509217,,,
823,13.716667,,,,0.083060,1.015861,0.509537,,,
824,13.733333,,,,0.088727,1.016048,0.509712,,,
825,13.750000,,,,0.094609,1.016233,0.509801,,,
826,13.766667,,,,0.100385,1.017014,0.509934,,,
827,13.783333,,,,0.106924,1.016357,0.510178,,,
828,13.800000,,,,0.113032,1.017064,0.510205,,,
829,13.816667,,,,0.119991,1.016418,0.510379,,,
830,13.833333,,,,0.126653,1.017211,0.510521,,,
831,13.850000,,,,0.133998,1.016526,0.510766,,,
832,13.866667,,,,0.141321,1.016505,0.510809,,,
833,13.883333,,,,0.148573,1.017207,0.510672,,,
834,13.900000,,,,0.156647,1.016545,0.510950,,,
835,13.916667,,,,0.164442,1.016382,0.510973,,,
836,13.933333,,,,0.172471,1.016270,0.510924,,,
837,13.950000,,,,0.180987,1.016306,0.510932,,,
838,13.966667,,,,0.189403,1.016145,0.510940,,,
839,13.983333,,,,0.198168,1.016116,0.510958,,,
840,14.000000,,,,0.207015,1.016078,0.510879,,,
841,14.016667,,,,0.216070,1.016041,0.510754,,,
842,14.033333,,,,0.225306,1.016068,0.510726,,,
843,14.050000,,,,0.234766,1.016024,0.510427,,,
844,14.066667,,,,0.244441,1.015928,0.510400,,,
845,14.083333,,,,0.254114,1.015975,0.510202,,,
846,14.100000,,,,0.263989,1.016052,0.509983,,,
847,14.116667,,,,0.274186,1.016112,0.509782,,,
848,14.133333,,,,0.284303,1.016180,0.509584,,,
849,14.150000,,,,0.294741,1.016247,0.509122,,,
850,14.166667,,,,0.305127,1.016085,0.508945,,,
851,14.183333,,,,0.315745,1.016372,0.508478,,,
852,14.200000,,,,0.326541,1.016332,0.508215,,,
853,14.216667,,,,0.337350,1.016485,0.507765,,,
854,14.233333,,,,0.348349,1.016398,0.507410,,,
855,14.250000,,,,0.359433,1.016352,0.507093,,,
856,14.266667,,,,0.370594,1.016496,0.506534,,,
857,14.283333,,,,0.381918,1.016451,0.506135,,,
858,14.300000,,,,0.393228,1.016324,0.505738,,,
859,14.316667,,,,0.404695,1.016240,0.505218,,,
860,14.333333,,,,0.416130,1.016281,0.504618,,,
861,14.350000,,,,0.427727,1.016197,0.504190,,,
862,14.366667,,,,0.439315,1.016073,0.503609,,,
863,14.383333,,,,0.450936,1.015982,0.503001,,,
864,14.400000,,,,0.462588,1.015780,0.502562,,,
865,14.416667,,,,0.474301,1.015666,0.501930,,,
866,14.433333,,,,0.485975,1.015550,0.501296,,,
867,14.450000,,,,0.497792,1.015401,0.500739,,,
868,14.466667,,,,0.509376,1.015198,0.500164,,,
869,14.483333,,,,0.521137,1.015110,0.499566,,,
870,14.500000,,,,0.532776,1.015011,0.498921,,,
871,14.516667,,,,0.544454,1.014916,0.498403,,,
872,14.533333,,,,0.555999,1.014848,0.497818,,,
873,14.550000,,,,0.567487,1.014814,0.497194,,,
874,14.566667,,,,0.579023,1.014787,0.496666,,,
875,14.583333,,,,0.590371,1.014744,0.496078,,,
876,14.600000,,,,0.601720,1.014743,0.495655,,,
877,14.616667,,,,0.612944,1.014787,0.495134,,,
878,14.633333,,,,0.624126,1.014832,0.494607,,,
879,14.650000,,,,0.635230,1.014910,0.494208,,,
880,14.666667,,,,0.646174,1.014997,0.493751,,,
881,14.683333,,,,0.657021,1.015213,0.493403,,,
882,14.700000,,,,0.667811,1.015438,0.493125,,,
883,14.716667,,,,0.678362,1.015574,0.492774,,,
884,14.733333,,,,0.688838,1.015709,0.492372,,,
885,14.750000,,,,0.699135,1.015853,0.492018,,,
886,14.766667,,,,0.709328,1.016043,0.491716,,,
887,14.783333,,,,0.719427,1.016076,0.491363,,,
888,14.800000,,,,0.729326,1.016159,0.491128,,,
889,14.816667,,,,0.739087,1.016119,0.490860,,,
890,14.833333,,,,0.748724,1.015982,0.490640,,,
891,14.850000,,,,0.758224,1.016007,0.490417,,,
892,14.866667,,,,0.767542,1.015994,0.490142,,,
893,14.883333,,,,0.776723,1.016023,0.489945,,,
894,14.900000,,,,0.785518,1.016062,0.489598,,,
895,14.916667,,,,0.794333,1.016129,0.489427,,,
896,14.933333,,,,0.802919,1.016181,0.489215,,,
897,14.950000,,,,0.811284,1.016244,0.488965,,,
898,14.966667,,,,0.819518,1.016338,0.488710,,,
899,14.983333,,,,0.827493,1.016329,0.488511,,,
900,15.000000,,,,0.835310,1.016406,0.488264,,,
901,15.016667,,,,0.842955,1.016446,0.488068,,,
902,15.033333,,,,0.850387,1.016410,0.487885,,,
903,15.050000,,,,0.857599,1.016441,0.487799,,,
904,15.066667,,,,0.864528,1.016460,0.487640,,,
905,15.083333,,,,0.871346,1.016507,0.487446,,,
906,15.100000,,,,0.878032,1.016453,0.487379,,,
907,15.116667,,,,0.884380,1.016421,0.487325,,,
908,15.133333,,,,0.890578,1.016388,0.487226,,,
909,15.150000,,,,0.896095,1.016712,0.486879,,,
910,15.166667,,,,0.902436,1.016184,0.487117,,,
911,15.183333,,,,0.908036,1.016101,0.487159,,,
912,15.200000,,,,0.913474,1.015989,0.487145,,,
913,15.216667,,,,0.918664,1.015917,0.487301,,,
914,15.233333,,,,0.923652,1.015851,0.487250,,,
915,15.250000,,,,0.928025,1.016231,0.487105,,,
916,15.266667,,,,0.932651,1.016156,0.487253,,,
917,15.283333,,,,0.937141,1.016141,0.487436,,,
918,15.300000,,,,0.941964,1.015617,0.488030,,,
919,15.316667,,,,0.945938,1.015667,0.488234,,,
920,15.333333,,,,0.949881,1.015659,0.488527,,,
921,15.350000,,,,0.953104,1.016050,0.488620,,,
922,15.366667,,,,0.956634,1.016160,0.488904,,,
923,15.383333,,,,0.960027,1.016135,0.489250,,,
924,15.400000,,,,0.963241,1.016138,0.489655,,,
925,15.416667,,,,0.966380,1.016096,0.490095,,,
926,15.433333,,,,0.969262,1.016107,0.490492,,,
927,15.450000,,,,0.972082,1.016074,0.490820,,,
928,15.466667,,,,0.974697,1.016119,0.491292,,,
929,15.483333,,,,0.977265,1.016081,0.491721,,,
930,15.500000,,,,0.979611,1.015962,0.492158,,,
931,15.516667,,,,0.981833,1.015844,0.492582,,,
932,15.533333,,,,0.984013,1.015640,0.493034,,,
933,15.550000,,,,0.986047,1.015486,0.493427,,,
934,15.566667,,,,0.988525,1.014817,0.494117,,,
935,15.583333,,,,0.989787,1.015188,0.494237,,,
936,15.600000,,,,0.991517,1.015055,0.494586,,,
937,15.616667,,,,0.993122,1.015045,0.495139,,,
938,15.633333,,,,0.994688,1.014869,0.495570,,,
939,15.650000,,,,0.996088,1.014881,0.495871,,,
940,15.666667,,,,0.997536,1.014819,0.496218,,,
941,15.683333,,,,0.998732,1.014809,0.496597,,,
942,15.700000,,,,0.999932,1.014781,0.496910,,,
943,15.716667,,,,1.001047,1.014793,0.497216,,,
944,15.733333,,,,1.002126,1.014805,0.497513,,,
945,15.750000,,,,1.003034,1.014984,0.497894,,,
946,15.766667,,,,1.004018,1.015024,0.498227,,,
947,15.783333,,,,1.004815,1.015131,0.498542,,,
948,15.800000,,,,1.005675,1.015189,0.498779,,,
949,15.816667,,,,1.006429,1.015238,0.499136,,,
950,15.833333,,,,1.007044,1.015332,0.499451,,,
951,15.850000,,,,1.007745,1.015465,0.499835,,,
952,15.866667,,,,1.008306,1.015436,0.500217,,,
953,15.883333,,,,1.008799,1.015452,0.500519,,,
954,15.900000,,,,1.009328,1.015426,0.500892,,,
955,15.916667,,,,1.009797,1.015258,0.501344,,,
956,15.933333,,,,1.010258,1.015159,0.501608,,,
957,15.950000,,,,1.010659,1.014991,0.501961,,,
958,15.966667,,,,1.011070,1.014743,0.502437,,,
959,15.983333,,,,1.011407,1.014521,0.502780,,,
960,16.000000,,,,1.011716,1.014258,0.503143,,,
961,16.016667,,,,1.012046,1.013933,0.503623,,,
962,16.033333,,,,1.012324,1.013758,0.504020,,,
963,16.050000,,,,1.012580,1.013468,0.504408,,,
964,16.066667,,,,1.012902,1.013175,0.504836,,,
965,16.083333,,,,1.013125,1.013018,0.505156,,,
966,16.100000,,,,1.013340,1.012808,0.505514,,,
967,16.116667,,,,1.013587,1.012668,0.505865,,,
968,16.133333,,,,1.013815,1.012476,0.506182,,,
969,16.150000,,,,1.013985,1.012381,0.506421,,,
970,16.166667,,,,1.014137,1.012280,0.506677,,,
971,16.183333,,,,1.014372,1.012207,0.506824,,,
972,16.200000,,,,1.014506,1.012188,0.506970,,,
973,16.216667,,,,1.014650,1.012193,0.507124,,,
974,16.233333,,,,1.014763,1.012233,0.507166,,,
975,16.250000,,,,1.015485,1.011790,0.507582,,,
976,16.266667,,,,1.015074,1.012265,0.507312,,,
977,16.283333,,,,1.015740,1.011916,0.507564,,,
978,16.300000,,,,1.015350,1.012398,0.507151,,,
979,16.316667,,,,1.015434,1.012470,0.507062,,,
980,16.333333,,,,1.015478,1.012612,0.506812,,,
981,16.350000,,,,1.015616,1.012691,0.506540,,,
982,16.366667,,,,1.015727,1.012764,0.506320,,,
983,16.383333,,,,1.015879,1.012808,0.505993,,,
984,16.400000,,,,1.015962,1.012918,0.505640,,,
985,16.416667,,,,1.016025,1.012988,0.505286,,,
986,16.433333,,,,1.016060,1.013049,0.504906,,,
987,16.450000,,,,1.016131,1.013034,0.504419,,,
988,16.466667,,,,1.016194,1.013045,0.503964,,,
989,16.483333,,,,1.016188,1.013206,0.503425,,,
990,16.500000,,,,1.016184,1.013305,0.502935,,,
991,16.516667,,,,1.016137,1.013341,0.502488,,,
992,16.533333,,,,1.016193,1.013315,0.501943,,,
993,16.550000,,,,1.016725,1.012747,0.501590,,,
994,16.566667,,,,1.016060,1.013247,0.500758,,,
995,16.583333,,,,1.015946,1.013233,0.500293,,,
996,16.600000,,,,1.015804,1.013159,0.499731,,,
997,16.616667,,,,1.015777,1.012987,0.499035,,,
998,16.633333,,,,1.015544,1.012993,0.498502,,,
999,16.650000,,,,1.015323,1.012978,0.497956,,,
1000,16.666667,,,,1.015108,1.012923,0.497393,,,
1001,16.683333,,,,1.014917,1.012734,0.496743,,,
1002,16.700000,,,,1.014569,1.012808,0.496123,,,
1003,16.716667,,,,1.014227,1.012848,0.495618,,,
1004,16.733333,,,,1.013910,1.012813,0.495058,,,
1005,16.750000,,,,1.013474,1.012796,0.494381,,,
1006,16.766667,,,,1.013085,1.012860,0.493787,,,
1007,16.783333,,,,1.012721,1.012878,0.493350,,,
1008,16.800000,,,,1.012207,1.012999,0.492802,,,
1009,16.816667,,,,1.011734,1.013051,0.492277,,,
1010,16.833333,,,,1.011894,1.012507,0.492021,,,
1011,16.850000,,,,1.010752,1.013017,0.491231,,,
1012,16.866667,,,,1.010297,1.013057,0.490823,,,
1013,16.883333,,,,1.009847,1.012982,0.490433,,,
1014,16.900000,,,,1.009343,1.013050,0.489933,,,
1015,16.916667,,,,1.008892,1.012950,0.489426,,,
1016,16.933333,,,,1.008377,1.012850,0.489208,,,
1017,16.950000,,,,1.007894,1.012855,0.488828,,,
1018,16.966667,,,,1.007444,1.012837,0.488544,,,
1019,16.983333,,,,1.006961,1.012752,0.488267,,,
1020,17.000000,,,,1.006579,1.012647,0.488048,,,
1021,17.016667,,,,1.005984,1.012624,0.487862,,,
1022,17.033333,,,,1.005508,1.012554,0.487710,,,
1023,17.050000,,,,1.005073,1.012462,0.487413,,,
1024,17.066667,,,,1.004582,1.012449,0.487293,,,
1025,17.083333,,,,1.004005,1.012451,0.487215,,,
1026,17.100000,,,,1.003414,1.012524,0.487084,,,
1027,17.116667,,,,1.002812,1.012619,0.486875,,,
1028,17.133333,,,,1.002114,1.012695,0.486819,,,
1029,17.150000,,,,1.001294,1.012846,0.486658,,,
1030,17.166667,,,,1.000519,1.013001,0.486466,,,
1031,17.183333,,,,1.000126,1.012686,0.486712,,,
1032,17.200000,,,,0.998522,1.013349,0.486096,,,
1033,17.216667,,,,0.997287,1.013607,0.485904,,,
1034,17.233333,,,,0.995966,1.013870,0.485625,,,
1035,17.250000,,,,0.994522,1.014213,0.485287,,,
1036,17.266667,,,,0.992839,1.014567,0.484892,,,
1037,17.283333,,,,0.991020,1.014991,0.484459,,,
1038,17.300000,,,,0.988985,1.015471,0.483985,,,
1039,17.316667,,,,0.986765,1.016001,0.483433,,,
1040,17.333333,,,,0.984334,1.016599,0.482799,,,
1041,17.350000,,,,0.981714,1.017185,0.482119,,,
1042,17.366667,,,,0.978736,1.017933,0.481307,,,
1043,17.383333,,,,0.976174,1.018268,0.480873,,,
1044,17.400000,,,,0.972181,1.019511,0.479546,,,
1045,17.416667,,,,0.968412,1.020436,0.478497,,,
1046,17.433333,,,,0.964469,1.021434,0.477307,,,
1047,17.450000,,,,0.960608,1.022091,0.476435,,,
1048,17.466667,,,,0.955405,1.023743,0.474757,,,
1049,17.483333,,,,0.950962,1.024500,0.473567,,,
1050,17.500000,,,,0.945668,1.025935,0.471930,,,
1051,17.516667,,,,0.939452,1.027798,0.469961,,,
1052,17.533333,,,,0.933946,1.028891,0.468341,,,
1053,17.550000,,,,0.927563,1.030596,0.466448,,,
1054,17.566667,,,,0.920797,1.032433,0.464344,,,
1055,17.583333,,,,0.913659,1.034377,0.462096,,,
1056,17.600000,,,,0.906098,1.036437,0.459851,,,
1057,17.616667,,,,0.898147,1.038597,0.457418,,,
1058,17.633333,,,,0.889866,1.040915,0.454898,,,
1059,17.650000,,,,0.881180,1.043366,0.452225,,,
1060,17.666667,,,,0.872045,1.045950,0.449447,,,
1061,17.683333,,,,0.862566,1.048675,0.446475,,,
1062,17.700000,,,,0.852573,1.051455,0.443491,,,
1063,17.716667,,,,0.842267,1.054425,0.440276,,,
1064,17.733333,,,,0.831490,1.057457,0.437107,,,
1065,17.750000,,,,0.820237,1.060681,0.433707,,,
1066,17.766667,,,,0.808693,1.063931,0.430281,,,
1067,17.783333,,,,0.796659,1.067323,0.426681,,,
1068,17.800000,,,,0.784234,1.070867,0.423040,,,
1069,17.816667,,,,0.771296,1.074489,0.419299,,,
1070,17.833333,,,,0.758087,1.078237,0.415447,,,
1071,17.850000,,,,0.744317,1.082132,0.411412,,,
1072,17.866667,,,,0.730222,1.086151,0.407415,,,
1073,17.883333,,,,0.715684,1.090326,0.403193,,,
1074,17.900000,,,,0.700640,1.094702,0.398926,,,
1075,17.916667,,,,0.685160,1.099037,0.394655,,,
1076,17.933333,,,,0.669406,1.103478,0.390239,,,
1077,17.950000,,,,0.653288,1.108198,0.385674,,,
1078,17.966667,,,,0.636670,1.112743,0.381242,,,
1079,17.983333,,,,0.619806,1.117606,0.376431,,,
1080,18.000000,,,,0.602474,1.122419,0.371774,,,
1081,18.016667,,,,0.584988,1.127340,0.367146,,,
1082,18.033333,,,,0.566852,1.132329,0.362286,,,
1083,18.050000,,,,0.548492,1.137472,0.357455,,,
1084,18.066667,,,,0.529766,1.142620,0.352471,,,
1085,18.083333,,,,0.510774,1.147846,0.347693,,,
1086,18.100000,,,,0.491356,1.153024,0.342537,,,
1087,18.116667,,,,0.471811,1.158387,0.337675,,,
1088,18.133333,,,,0.451787,1.163952,0.332563,,,
1089,18.150000,,,,0.431485,1.169418,0.327409,,,
1090,18.166667,,,,0.410889,1.174932,0.322417,,,
1091,18.183333,,,,0.390016,1.180476,0.317399,,,
1092,18.200000,,,,0.369075,1.186131,0.312356,,,
1093,18.216667,,,,0.347734,1.191855,0.307191,,,
1094,18.233333,,,,0.326115,1.197569,0.302043,,,
1095,18.250000,,,,0.304298,1.203434,0.297003,,,
1096,18.266667,,,,0.282220,1.209335,0.291951,,,
1097,18.283333,,,,0.259807,1.215927,0.286668,,,
1098,18.300000,,,,0.237574,1.221883,0.281574,,,
1099,18.316667,,,,0.215107,1.227465,0.276484,,,
1100,18.333333,,,,0.192489,1.233613,0.271497,,,
1101,18.350000,,,,0.169679,1.239529,0.266336,,,
1102,18.366667,,,,0.146791,1.245799,0.261422,,,
1103,18.383333,,,,0.123616,1.251872,0.256399,,,
1104,18.400000,,,,0.100652,1.257956,0.251363,,,
1105,18.416667,,,,0.077424,1.264058,0.246330,,,
1106,18.433333,,,,0.054311,1.270040,0.241178,,,
1107,18.450000,,,,0.031096,1.275978,0.236315,,,
1108,18.466667,,,,0.007909,1.281915,0.231370,,,
1109,18.483333,,,,-0.015199,1.287330,0.226924,,,
1110,18.500000,,,,-0.038448,1.293118,0.221974,,,
1111,18.516667,,,,-0.061488,1.298851,0.217157,,,
1112,18.533333,,,,-0.084671,1.304496,0.212326,,,
1113,18.550000,,,,-0.107644,1.310057,0.207697,,,
1114,18.566667,,,,-0.130632,1.315636,0.202919,,,
1115,18.583333,,,,-0.153477,1.321243,0.198171,,,
1116,18.600000,,,,-0.176204,1.326866,0.193494,,,
1117,18.616667,,,,-0.198721,1.332494,0.188831,,,
1118,18.633333,,,,-0.221263,1.338093,0.184240,,,
1119,18.650000,,,,-0.243521,1.343685,0.179707,,,
1120,18.666667,,,,-0.265676,1.349260,0.175224,,,
1121,18.683333,,,,-0.287475,1.354229,0.170833,,,
1122,18.700000,,,,-0.309263,1.359712,0.166343,,,
1123,18.716667,,,,-0.330847,1.365164,0.161952,,,
1124,18.733333,,,,-0.352282,1.371244,0.157543,,,
1125,18.750000,,,,-0.373264,1.376074,0.153312,,,
1126,18.766667,,,,-0.394151,1.381360,0.149049,,,
1127,18.783333,,,,-0.414922,1.387079,0.144848,,,
1128,18.800000,,,,-0.435169,1.391547,0.140736,,,
1129,18.816667,,,,-0.455227,1.396525,0.136674,,,
1130,18.833333,,,,-0.474978,1.401405,0.132671,,,
1131,18.850000,,,,-0.494576,1.406105,0.128723,,,
1132,18.866667,,,,-0.513795,1.410782,0.124855,,,
1133,18.883333,,,,-0.532768,1.415296,0.121007,,,
1134,18.900000,,,,-0.551465,1.419687,0.117293,,,
1135,18.916667,,,,-0.569727,1.424093,0.113606,,,
1136,18.933333,,,,-0.587716,1.428290,0.110033,,,
1137,18.950000,,,,-0.605277,1.432475,0.106487,,,
1138,18.966667,,,,-0.622672,1.436340,0.102866,,,
1139,18.983333,,,,-0.639714,1.440756,0.099445,,,
1140,19.000000,,,,-0.656120,1.443866,0.096262,,,
1141,19.016667,,,,-0.672282,1.447438,0.092959,,,
1142,19.033333,,,,-0.688105,1.450846,0.089697,,,
1143,19.050000,,,,-0.704113,1.454961,0.086624,,,
1144,19.066667,,,,-0.718552,1.457229,0.083605,,,
1145,19.083333,,,,-0.733665,1.461176,0.080627,,,
1146,19.100000,,,,-0.747737,1.464093,0.077880,,,
1147,19.116667,,,,-0.761494,1.466943,0.075131,,,
1148,19.133333,,,,-0.773578,1.468405,0.072025,,,
1149,19.150000,,,,-0.786681,1.470861,0.069398,,,
1150,19.166667,,,,-0.799172,1.473362,0.066913,,,
1151,19.183333,,,,-0.811138,1.475844,0.064510,,,
1152,19.200000,,,,-0.822764,1.478173,0.062143,,,
1153,19.216667,,,,-0.834155,1.480413,0.059774,,,
1154,19.233333,,,,-0.844909,1.482641,0.057552,,,
1155,19.250000,,,,-0.863071,1.494242,0.061158,,,
1156,19.266667,,,,-0.873273,1.496371,0.059024,,,
1157,19.283333,,,,-0.882501,1.498202,0.056910,,,
1158,19.300000,,,,-0.891625,1.499946,0.054928,,,
1159,19.316667,,,,-0.900410,1.501968,0.052976,,,
1160,19.333333,,,,-0.908668,1.503533,0.050933,,,
1161,19.350000,,,,-0.916809,1.505074,0.049105,0.496915,2.108664,0.572309
1162,19.366667,,,,-0.923982,1.506143,0.047155,0.496284,2.109688,0.572040
1163,19.383333,,,,-0.925348,1.499929,0.039984,,,
1164,19.400000,,,,-0.932506,1.500598,0.038084,,,
1165,19.416667,,,,-0.944540,1.508230,0.041928,,,
1166,19.433333,,,,-0.950615,1.508283,0.040078,,,
1167,19.450000,,,,-0.950961,1.501357,0.033059,,,
1168,19.466667,,,,-0.956453,1.501317,0.031531,,,
1169,19.483333,,,,-0.961532,1.501143,0.029908,,,
1170,19.500000,,,,-0.966300,1.500912,0.028289,,,
1171,19.516667,,,,-0.970850,1.500613,0.026767,,,
1172,19.533333,,,,-0.975207,1.500451,0.025276,,,
1173,19.550000,,,,-0.979031,1.500586,0.023778,,,
1174,19.566667,,,,-0.982815,1.500590,0.022324,,,
1175,19.583333,,,,-0.986369,1.500926,0.020933,,,
1176,19.600000,,,,-0.989549,1.501486,0.019598,,,
1177,19.616667,,,,-0.992828,1.502071,0.018284,,,
1178,19.633333,,,,-0.995759,1.502864,0.016953,,,
1179,19.650000,,,,-0.998581,1.503885,0.015632,,,
1180,19.666667,,,,-1.001437,1.505031,0.014423,,,
1181,19.683333,,,,-1.003825,1.506359,0.013436,,,
1182,19.700000,,,,-1.006279,1.507632,0.012290,,,
1183,19.716667,,,,-1.008524,1.508884,0.011317,,,
1184,19.733333,,,,-1.010851,1.510007,0.010269,,,
1185,19.750000,,,,-1.013028,1.511227,0.009397,,,
1186,19.766667,,,,-1.015282,1.512261,0.008460,,,
1187,19.783333,,,,-1.017279,1.513089,0.007615,,,
1188,19.800000,,,,-1.019177,1.513814,0.006772,,,
1189,19.816667,,,,-1.021298,1.514278,0.006027,,,
1190,19.833333,,,,-1.023207,1.514673,0.005355,,,
1191,19.850000,,,,-1.024979,1.514810,0.004668,,,
1192,19.866667,,,,-1.026860,1.514731,0.003915,,,
1193,19.883333,,,,-1.028645,1.514554,0.003294,,,
1194,19.900000,,,,-1.030324,1.514243,0.002743,,,
1195,19.916667,,,,-1.032019,1.513748,0.002210,,,
1196,19.933333,,,,-1.033515,1.513276,0.001643,,,
1197,19.950000,,,,-1.035120,1.512692,0.001083,,,
1198,19.966667,,,,-1.036553,1.512203,0.000635,,,
1199,19.983333,,,,-1.037919,1.511718,0.000094,,,
1200,20.000000,,,,-1.039314,1.511246,-0.000361,,,
1201,20.016667,,,,-1.040653,1.510905,-0.000850,,,
1202,20.033333,,,,-1.041735,1.510724,-0.001281,,,
1203,20.050000,,,,-1.043053,1.510556,-0.001732,,,
1204,20.066667,,,,-1.044127,1.510495,-0.002232,,,
1205,20.083333,,,,-1.045180,1.510529,-0.002718,,,
1206,20.100000,,,,-1.045998,1.510727,-0.003127,,,
1207,20.116667,,,,-1.046955,1.510969,-0.003582,,,
1208,20.133333,,,,-1.047665,1.511302,-0.003996,,,
1209,20.150000,,,,-1.048355,1.511697,-0.004550,,,
1210,20.166667,,,,-1.049086,1.512082,-0.004965,,,
1211,20.183333,,,,-1.049651,1.512565,-0.005398,,,
1212,20.200000,,,,-1.050005,1.512980,-0.005916,,,
1213,20.216667,,,,-1.050541,1.513355,-0.006390,,,
1214,20.233333,,,,-1.050796,1.513760,-0.006824,,,
1215,20.250000,,,,-1.051186,1.514085,-0.007370,,,
1216,20.266667,,,,-1.051388,1.514361,-0.007785,,,
1217,20.283333,,,,-1.051497,1.514559,-0.008133,,,
1218,20.300000,,,,-1.051474,1.514726,-0.008607,,,
1219,20.316667,,,,-1.051414,1.514760,-0.009021,,,
1220,20.333333,,,,-1.051554,1.514663,-0.009504,,,
1221,20.350000,,,,-1.051563,1.514475,-0.010052,,,
1222,20.366667,,,,-1.051286,1.514331,-0.010434,,,
1223,20.383333,,,,-1.051218,1.514138,-0.010755,,,
1224,20.400000,,,,-1.050989,1.513928,-0.011070,,,
1225,20.416667,,,,-1.050531,1.513630,-0.011466,,,
1226,20.433333,,,,-1.050207,1.513411,-0.011793,,,
1227,20.450000,,,,-1.049888,1.513211,-0.012127,,,
1228,20.466667,,,,-1.049447,1.512988,-0.012416,,,
1229,20.483333,,,,-1.049026,1.512743,-0.012670,,,
1230,20.500000,,,,-1.048567,1.512594,-0.012945,,,
1231,20.516667,,,,-1.048040,1.512557,-0.013106,,,
1232,20.533333,,,,-1.047440,1.512447,-0.013317,,,
1233,20.550000,,,,-1.046887,1.512399,-0.013528,,,
1234,20.566667,,,,-1.046358,1.512414,-0.013712,,,
1235,20.583333,,,,-1.045686,1.512524,-0.013851,,,
1236,20.600000,,,,-1.045092,1.512613,-0.013984,,,
1237,20.616667,,,,-1.044547,1.512689,-0.014115,,,
1238,20.633333,,,,-1.043906,1.512767,-0.014291,,,
1239,20.650000,,,,-1.043221,1.512861,-0.014396,,,
1240,20.666667,,,,-1.042571,1.512970,-0.014406,,,
1241,20.683333,,,,-1.041945,1.513074,-0.014469,,,
1242,20.700000,,,,-1.041234,1.513226,-0.014539,,,
1243,20.716667,,,,-1.040661,1.513214,-0.014547,,,
1244,20.733333,,,,-1.040052,1.513263,-0.014598,,,
1245,20.750000,,,,-1.039294,1.513329,-0.014569,,,
1246,20.766667,,,,-1.038611,1.513314,-0.014626,,,
1247,20.783333,,,,-1.038009,1.513319,-0.014671,,,
1248,20.800000,,,,-1.037345,1.513367,-0.014612,,,
1249,20.816667,,,,-1.036764,1.513355,-0.014523,,,
1250,20.833333,,,,-1.036228,1.513346,-0.014439,,,
1251,20.850000,,,,-1.035528,1.513369,-0.014320,,,
1252,20.866667,,,,-1.034920,1.513284,-0.014349,,,
1253,20.883333,,,,-1.034394,1.513244,-0.014261,,,
1254,20.900000,,,,-1.033755,1.513233,-0.014060,,,
1255,20.916667,,,,-1.033207,1.513191,-0.013984,,,
1256,20.933333,,,,-1.032728,1.513134,-0.013825,,,
1257,20.950000,,,,-1.032156,1.513115,-0.013750,,,
1258,20.966667,,,,-1.031657,1.512996,-0.013623,,,
1259,20.983333,,,,-1.031200,1.512892,-0.013419,,,
1260,21.000000,,,,-1.030624,1.512836,-0.013268,,,
1261,21.016667,,,,-1.030134,1.512722,-0.013088,,,
1262,21.033333,,,,-1.029708,1.512621,-0.012888,,,
1263,21.050000,,,,-1.029162,1.512537,-0.012756,,,
1264,21.066667,,,,-1.028642,1.512365,-0.012527,,,
1265,21.083333,,,,-1.028044,1.512289,-0.012288,,,
1266,21.100000,,,,-1.027431,1.512251,-0.012099,,,
1267,21.116667,,,,-1.026932,1.512170,-0.011894,,,
1268,21.133333,,,,-1.026351,1.512082,-0.011712,,,
1269,21.150000,,,,-1.025624,1.512046,-0.011528,,,
1270,21.166667,,,,-1.025242,1.511792,-0.011519,,,
1271,21.183333,,,,-1.024209,1.511752,-0.011216,,,
1272,21.200000,,,,-1.023542,1.511589,-0.011070,,,
1273,21.216667,,,,-1.022721,1.511453,-0.010824,,,
1274,21.233333,,,,,,,,,
1275,21.250000,,,,,,,,,
1276,21.266667,,,,,,,,,
1277,21.283333,,,,-1.018234,1.510405,-0.009955,,,
1278,21.300000,,,,-1.017297,1.509957,-0.009944,,,
1279,21.316667,,,,,,,,,
1280,21.333333,,,,,,,,,
1281,21.350000,,,,,,,,,
1282,21.366667,,,,,,,,,
1283,21.383333,,,,,,,,,
1284,21.400000,,,,-1.008753,1.505553,-0.009408,,,
1285,21.416667,,,,-1.006147,1.504893,-0.009106,,,
1286,21.433333,,,,-1.003900,1.504003,-0.008857,,,
1287,21.450000,,,,-1.001451,1.502998,-0.008646,,,
1288,21.466667,,,,-0.998723,1.502050,-0.008330,,,
1289,21.483333,,,,-0.995963,1.500775,-0.008256,,,
1290,21.500000,,,,-0.992927,1.499671,-0.007963,,,
1291,21.516667,,,,-0.990041,1.498330,-0.007854,,,
1292,21.533333,,,,-0.986652,1.496899,-0.007612,,,
1293,21.550000,,,,-0.983341,1.495343,-0.007346,,,
1294,21.566667,,,,-0.979734,1.493767,-0.007030,,,
1295,21.583333,,,,-0.975835,1.491979,-0.006803,,,
1296,21.600000,,,,-0.971774,1.490116,-0.006550,,,
1297,21.616667,,,,-0.967538,1.488111,-0.006222,,,
1298,21.633333,,,,-0.962904,1.486018,-0.005877,,,
1299,21.650000,,,,-0.958229,1.483872,-0.005615,,,
1300,21.666667,,,,-0.953421,1.481429,-0.005317,,,
1301,21.683333,,,,-0.948234,1.479078,-0.004844,,,
1302,21.700000,,,,-0.943085,1.476368,-0.004539,,,
1303,21.716667,,,,-0.937744,1.473670,-0.004203,,,
1304,21.733333,,,,-0.932130,1.470790,-0.003832,,,
1305,21.750000,,,,-0.926274,1.467868,-0.003393,,,
1306,21.766667,,,,-0.920224,1.464864,-0.002997,,,
1307,21.783333,,,,-0.913902,1.461744,-0.002672,,,
1308,21.800000,,,,-0.907543,1.458674,-0.002191,,,
1309,21.816667,,,,-0.900743,1.455433,-0.001931,,,
1310,21.833333,,,,-0.893955,1.452191,-0.001504,,,
1311,21.850000,,,,-0.886689,1.448878,-0.001097,,,
1312,21.866667,,,,-0.879623,1.445458,-0.000765,,,
1313,21.883333,,,,-0.872183,1.441855,-0.000387,,,
1314,21.900000,,,,-0.870681,1.446137,0.005860,,,
1315,21.916667,,,,-0.863075,1.442549,0.006225,,,
1316,21.933333,,,,-0.855035,1.439019,0.006592,,,
1317,21.950000,,,,-0.847176,1.435318,0.007029,,,
1318,21.966667,,,,,,,,,
1319,21.983333,,,,-0.822204,1.416839,0.001335,,,
1320,22.000000,,,,-0.813396,1.412140,0.001361,,,
1321,22.016667,,,,-0.805425,1.408460,0.001934,,,
1322,22.033333,,,,-0.796055,1.403267,0.002201,,,
1323,22.050000,,,,-0.786291,1.396633,0.002125,,,
1324,22.066667,,,,-0.776793,1.390911,0.002209,,,
1325,22.083333,,,,-0.767020,1.385193,0.002308,,,
1326,22.100000,,,,-0.757207,1.379320,0.002360,,,
1327,22.116667,,,,-0.747094,1.373690,0.002401,,,
1328,22.133333,,,,-0.736885,1.368056,0.002349,,,
1329,22.150000,,,,-0.726386,1.362495,0.002226,,,
1330,22.166667,,,,-0.715985,1.357059,0.002224,,,
1331,22.183333,,,,-0.705319,1.351914,0.002206,,,
1332,22.200000,,,,-0.694634,1.346746,0.002229,,,
1333,22.216667,,,,-0.683911,1.341663,0.002152,,,
1334,22.233333,,,,-0.673063,1.336798,0.002161,,,
1335,22.250000,,,,-0.662079,1.331844,0.002070,,,
1336,22.266667,,,,-0.651125,1.327002,0.002089,,,
1337,22.283333,,,,-0.640171,1.321947,0.002044,,,
1338,22.300000,,,,-0.629090,1.316944,0.002068,,,
1339,22.316667,,,,-0.618027,1.311959,0.002134,,,
1340,22.333333,,,,-0.606880,1.306728,0.002053,,,
1341,22.350000,,,,-0.595767,1.301295,0.002207,,,
1342,22.366667,,,,-0.584546,1.295932,0.002131,,,
1343,22.383333,,,,-0.573333,1.290353,0.002236,,,
1344,22.400000,,,,-0.562086,1.284638,0.002286,,,
1345,22.416667,,,,-0.550771,1.278805,0.002434,,,
1346,22.433333,,,,-0.539552,1.272739,0.002570,,,
1347,22.450000,,,,-0.528252,1.266649,0.002534,,,
1348,22.466667,,,,-0.516856,1.260470,0.002693,,,
1349,22.483333,,,,-0.505678,1.254098,0.002724,,,
1350,22.500000,,,,-0.494224,1.247746,0.002856,,,
1351,22.516667,,,,-0.482942,1.241284,0.002962,,,
1352,22.533333,,,,-0.471649,1.234831,0.003037,,,
1353,22.550000,,,,-0.460276,1.228330,0.003109,,,
1354,22.566667,,,,-0.448964,1.222050,0.003135,,,
1355,22.583333,,,,-0.437665,1.215746,0.003163,,,
1356,22.600000,,,,-0.426485,1.209490,0.003274,,,
1357,22.616667,,,,-0.415242,1.203444,0.003253,,,
1358,22.633333,,,,-0.404109,1.197386,0.003258,,,
1359,22.650000,,,,-0.392949,1.191460,0.003344,,,
1360,22.666667,,,,-0.381968,1.185656,0.003319,,,
1361,22.683333,,,,-0.370967,1.179940,0.003276,,,
1362,22.700000,,,,-0.359964,1.174517,0.003162,,,
1363,22.716667,,,,-0.349093,1.169109,0.003143,,,
1364,22.733333,,,,-0.338365,1.163771,0.003059,,,
1365,22.750000,,,,-0.327644,1.158449,0.002987,,,
1366,22.766667,,,,-0.317059,1.153260,0.002861,,,
1367,22.783333,,,,-0.306575,1.148213,0.002763,,,
1368,22.800000,,,,-0.296305,1.143066,0.002552,,,
1369,22.816667,,,,-0.286021,1.138157,0.002479,,,
1370,22.833333,,,,-0.275898,1.133295,0.002410,,,
1371,22.850000,,,,-0.266092,1.128973,0.001927,,,
1372,22.866667,,,,-0.256286,1.124260,0.001830,,,
1373,22.883333,,,,-0.246526,1.119625,0.001684,,,
1374,22.900000,,,,-0.236964,1.114966,0.001414,,,
1375,22.916667,,,,-0.227681,1.110372,0.001147,,,
1376,22.933333,,,,-0.218456,1.105929,0.000933,,,
1377,22.950000,,,,-0.209393,1.101606,0.000663,,,
1378,22.966667,,,,-0.200566,1.097402,0.000463,,,
1379,22.983333,,,,-0.191878,1.093291,0.000204,,,
1380,23.000000,,,,-0.183376,1.089195,0.000036,,,
1381,23.016667,,,,-0.175104,1.085442,-0.000179,,,
1382,23.033333,,,,-0.166937,1.081608,-0.000471,,,
1383,23.050000,,,,-0.159049,1.077935,-0.000669,,,
1384,23.066667,,,,-0.151360,1.074323,-0.001080,,,
1385,23.083333,,,,-0.143838,1.070926,-0.001290,,,
1386,23.100000,,,,-0.136556,1.067515,-0.001604,,,
1387,23.116667,,,,-0.129663,1.064537,-0.001596,,,
1388,23.133333,,,,-0.122630,1.061522,-0.001912,,,
1389,23.150000,,,,-0.116030,1.058462,-0.002230,,,
1390,23.166667,,,,-0.109528,1.055515,-0.002564,,,
1391,23.183333,,,,-0.103234,1.052822,-0.002810,,,
1392,23.200000,,,,-0.097141,1.050236,-0.003054,,,
1393,23.216667,,,,-0.091257,1.047609,-0.003388,,,
1394,23.233333,,,,-0.085624,1.045137,-0.003717,,,
1395,23.250000,,,,-0.080046,1.043023,-0.004006,,,
1396,23.266667,,,,-0.074773,1.040724,-0.004320,,,
1397,23.283333,,,,-0.069763,1.038592,-0.004638,,,
1398,23.300000,,,,-0.064850,1.036668,-0.004957,,,
1399,23.316667,,,,-0.060259,1.034827,-0.005212,,,
1400,23.333333,,,,-0.055707,1.032919,-0.005599,,,
1401,23.350000,,,,-0.051460,1.031308,-0.005836,,,
1402,23.366667,,,,-0.047236,1.029714,-0.006108,,,
1403,23.383333,,,,-0.043379,1.028227,-0.006471,,,
1404,23.400000,,,,-0.039568,1.026681,-0.006797,,,
1405,23.416667,,,,-0.035912,1.025504,-0.007029,,,
1406,23.433333,,,,-0.032463,1.024342,-0.007207,,,
1407,23.450000,,,,-0.029234,1.023141,-0.007411,,,
1408,23.466667,,,,-0.026084,1.022137,-0.007602,,,
1409,23.483333,,,,-0.023103,1.021223,-0.007858,,,
1410,23.500000,,,,-0.020414,1.020498,-0.007812,,,
1411,23.516667,,,,-0.017705,1.019516,-0.008059,,,
1412,23.533333,,,,-0.015291,1.018758,-0.008230,,,
1413,23.550000,,,,-0.012793,1.018088,-0.008411,,,
1414,23.566667,,,,-0.010661,1.017442,-0.008435,,,
1415,23.583333,,,,-0.008507,1.016876,-0.008404,,,
1416,23.600000,,,,-0.006541,1.016239,-0.008571,,,
1417,23.616667,,,,-0.004625,1.015811,-0.008440,,,
1418,23.633333,,,,-0.002917,1.015385,-0.008559,,,
1419,23.650000,,,,-0.001243,1.014918,-0.008527,,,
1420,23.666667,,,,0.000256,1.014648,-0.008403,,,
1421,23.683333,,,,0.001733,1.014318,-0.008392,,,
1422,23.700000,,,,0.003005,1.014115,-0.008259,,,
1423,23.716667,,,,0.004181,1.013904,-0.008248,,,
1424,23.733333,,,,0.005579,1.013284,-0.007938,,,
1425,23.750000,,,,0.006766,1.013708,-0.008036,,,
1426,23.766667,,,,0.007587,1.013611,-0.007986,,,
1427,23.783333,,,,0.008663,1.013628,-0.007780,,,
1428,23.800000,,,,0.009958,1.013066,-0.007544,,,
1429,23.816667,,,,0.010703,1.013018,-0.007466,,,
1430,23.833333,,,,0.011567,1.013517,-0.007494,,,
1431,23.850000,,,,0.012327,1.013673,-0.007265,,,
1432,23.866667,,,,0.013159,1.013746,-0.007124,,,
1433,23.883333,,,,0.013959,1.013784,-0.007048,,,
1434,23.900000,,,,0.014978,1.013405,-0.006620,,,
1435,23.916667,,,,0.015606,1.013307,-0.006506,,,
1436,23.933333,,,,0.016196,1.013708,-0.006517,,,
1437,23.950000,,,,0.016990,1.013736,-0.006201,,,
1438,23.966667,,,,0.017534,1.013681,-0.006094,,,
1439,23.983333,,,,0.018223,1.013559,-0.005995,,,
1440,24.000000,,,,0.018833,1.013591,-0.005704,,,
1441,24.016667,,,,0.019709,1.013088,-0.005255,,,
1442,24.033333,,,,0.020338,1.012786,-0.005152,,,
1443,24.050000,,,,0.020729,1.013052,-0.005293,,,
1444,24.066667,,,,0.021595,1.012475,-0.004838,,,
1445,24.083333,,,,0.022050,1.012669,-0.004489,,,
1446,24.100000,,,,0.022429,1.012565,-0.004375,,,
1447,24.116667,,,,0.023132,1.012195,-0.004432,,,
1448,24.133333,,,,0.023300,1.012512,-0.004434,,,
1449,24.150000,,,,0.023615,1.012447,-0.004297,,,
1450,24.166667,,,,0.023981,1.012509,-0.004077,,,
1451,24.183333,,,,0.024425,1.012602,-0.003802,,,
1452,24.200000,,,,0.024692,1.012542,-0.003677,,,
1453,24.216667,,,,0.024904,1.012545,-0.003625,,,
1454,24.233333,,,,0.025104,1.012502,-0.003446,,,
1455,24.250000,,,,0.025274,1.012485,-0.003371,,,
1456,24.266667,,,,0.025396,1.012460,-0.003268,,,
1457,24.283333,,,,0.025477,1.012438,-0.003169,,,
1458,24.300000,,,,0.025540,1.012392,-0.003137,,,
1459,24.316667,,,,0.025748,1.012026,-0.002631,,,
1460,24.333333,,,,0.025767,1.011968,-0.002525,,,
1461,24.350000,,,,0.025755,1.011853,-0.002491,,,
1462,24.366667,,,,0.025641,1.012031,-0.002601,,,
1463,24.383333,,,,0.025552,1.011908,-0.002487,,,
1464,24.400000,,,,0.025503,1.011802,-0.002422,,,
1465,24.416667,,,,0.025405,1.011677,-0.002354,,,
1466,24.433333,,,,0.025256,1.011578,-0.002276,,,
1467,24.450000,,,,0.025186,1.011487,-0.002142,,,
1468,24.466667,,,,0.025041,1.011418,-0.002091,,,
1469,24.483333,,,,0.024850,1.011312,-0.002134,,,
1470,24.500000,,,,0.024653,1.011243,-0.002090,,,
1471,24.516667,,,,0.024673,1.010694,-0.001828,,,
1472,24.533333,,,,0.024305,1.011298,-0.001936,,,
1473,24.550000,,,,0.023935,1.011331,-0.001918,,,
1474,24.566667,,,,0.023690,1.011446,-0.001692,,,
1475,24.583333,,,,0.023527,1.011496,-0.001683,,,
1476,24.600000,,,,0.023481,1.011069,-0.001482,,,
1477,24.616667,,,,0.023279,1.011126,-0.001416,,,
1478,24.633333,,,,0.023099,1.011155,-0.001379,,,
1479,24.650000,,,,0.022923,1.011122,-0.001345,,,
1480,24.666667,,,,0.022394,1.011403,-0.001152,,,
1481,24.683333,,,,0.022090,1.011388,-0.000998,,,
1482,24.700000,,,,0.021914,1.011370,-0.000934,,,
1483,24.716667,,,,0.021727,1.011260,-0.000912,,,
1484,24.733333,,,,0.021534,1.010918,-0.001081,,,
1485,24.750000,,,,0.021296,1.010868,-0.001031,,,
1486,24.766667,,,,0.021078,1.010672,-0.000963,,,
1487,24.783333,,,,0.020687,1.010383,-0.000995,,,
1488,24.800000,,,,0.020287,1.010832,-0.001175,,,
1489,24.816667,,,,0.020093,1.010711,-0.001105,,,
1490,24.833333,,,,0.019914,1.010623,-0.001101,,,
1491,24.850000,,,,0.019710,1.010537,-0.001075,,,
1492,24.866667,,,,0.019707,1.009968,-0.000848,,,
1493,24.883333,,,,0.019504,1.009951,-0.000819,,,
1494,24.900000,,,,0.018995,1.010126,-0.000640,,,
1495,24.916667,,,,0.018798,1.010147,-0.000639,,,
1496,24.933333,,,,0.018605,1.010103,-0.000638,,,
1497,24.950000,,,,0.018428,1.009778,-0.000795,,,
1498,24.966667,,,,0.018240,1.009773,-0.000838,,,
1499,24.983333,,,,0.018040,1.009676,-0.000842,,,
1500,25.000000,,,,0.017716,1.009378,-0.000922,,,
1501,25.016667,,,,0.017274,1.009558,-0.000764,,,
1502,25.033333,,,,0.017067,1.009475,-0.000776,,,
1503,25.050000,,,,0.016850,1.009423,-0.000761,,,
1504,25.066667,,,,0.016676,1.009326,-0.000774,,,
1505,25.083333,,,,0.016340,1.009683,-0.000968,,,
1506,25.100000,,,,0.016120,1.009582,-0.000927,,,
1507,25.116667,,,,0.015909,1.009437,-0.000951,,,
1508,25.133333,,,,0.015496,1.009174,-0.001079,,,
1509,25.150000,,,,0.015279,1.008896,-0.000989,,,
1510,25.166667,,,,0.015066,1.008618,-0.001013,,,
1511,25.183333,,,,0.014998,1.007517,-0.001035,,,
1512,25.200000,,,,0.014765,1.007148,-0.001009,,,
1513,25.216667,,,,0.014348,1.007002,-0.001101,,,
1514,25.233333,,,,0.014124,1.006436,-0.001080,,,
1515,25.250000,,,,0.013690,1.005495,-0.001134,,,
1516,25.266667,,,,0.013480,1.004078,-0.000977,,,
1517,25.283333,,,,0.013225,1.003250,-0.001136,,,
1518,25.300000,,,,0.012999,1.002177,-0.001103,,,
1519,25.316667,,,,0.012856,0.999931,-0.000888,,,
1520,25.333333,,,,0.012358,0.998808,-0.001083,,,
1521,25.350000,,,,0.012248,0.996800,-0.000983,,,
1522,25.366667,,,,0.011758,0.994597,-0.000966,,,
1523,25.383333,,,,0.011649,0.991603,-0.000679,,,
1524,25.400000,,,,0.011414,0.988742,-0.000686,,,
1525,25.416667,,,,0.011214,0.985669,-0.000669,,,
1526,25.433333,,,,0.011035,0.982256,-0.000638,,,
1527,25.450000,,,,0.010744,0.979158,-0.000799,,,
1528,25.466667,,,,0.010640,0.974289,-0.000599,,,
1529,25.483333,,,,0.010435,0.970752,-0.000625,,,
1530,25.500000,,,,0.010250,0.965541,-0.000304,,,
1531,25.516667,,,,0.009829,0.960952,-0.000563,,,
1532,25.533333,,,,0.009592,0.955603,-0.000469,,,
1533,25.550000,,,,0.009698,0.949806,-0.000028,,,
1534,25.566667,,,,0.009544,0.943865,0.000031,,,
1535,25.583333,,,,0.009141,0.938190,-0.000020,,,
1536,25.600000,,,,0.009211,0.931080,0.000273,,,
1537,25.616667,,,,0.008973,0.924720,0.000079,,,
1538,25.633333,,,,0.008930,0.917207,0.000347,,,
1539,25.650000,,,,0.008435,0.910671,0.000017,,,
1540,25.666667,,,,0.008297,0.903000,0.000082,,,
1541,25.683333,,,,0.008451,0.894950,0.000236,,,
1542,25.700000,,,,0.008276,0.886821,0.000405,,,
1543,25.716667,,,,0.008239,0.878262,0.000535,,,
1544,25.733333,,,,0.008044,0.869354,0.000566,,,
1545,25.750000,,,,0.007796,0.860225,0.000668,,,
1546,25.766667,,,,0.007820,0.850917,0.000761,,,
1547,25.783333,,,,0.007686,0.841454,0.001079,,,
1548,25.800000,,,,0.007739,0.831703,0.001181,,,
1549,25.816667,,,,0.007242,0.821588,0.001269,,,
1550,25.833333,,,,0.007304,0.811393,0.001461,,,
1551,25.850000,,,,0.007004,0.800616,0.001548,,,
1552,25.866667,,,,0.006737,0.790053,0.001601,,,
1553,25.883333,,,,0.006730,0.779253,0.001685,,,
1554,25.900000,,,,0.006593,0.768240,0.001794,,,
1555,25.916667,,,,0.006512,0.757659,0.002231,,,
1556,25.933333,,,,0.006179,0.756192,0.001993,,,
1557,25.950000,,,,0.005999,0.761208,0.001625,,,
1558,25.966667,,,,0.005854,0.766131,0.001145,,,
1559,25.983333,,,,0.005683,0.770381,0.000786,,,
1560,26.000000,,,,0.005348,0.773717,0.000381,,,
1561,26.016667,,,,0.005061,0.776073,-0.000230,,,
1562,26.033333,,,,0.004857,0.777002,-0.001025,,,
1563,26.050000,,,,0.004500,0.776486,-0.001768,,,
1564,26.066667,,,,0.004141,0.774603,-0.002717,,,
1565,26.083333,,,,0.003675,0.770934,-0.003662,,,
1566,26.100000,,,,0.003246,0.765511,-0.004701,,,
1567,26.116667,,,,0.003682,0.759901,-0.004931,,,
1568,26.133333,,,,0.003642,0.755084,-0.003869,,,
1569,26.150000,,,,0.003360,0.756090,-0.005095,,,
1570,26.166667,,,,0.003011,0.756453,-0.005570,,,
1571,26.183333,,,,0.002735,0.754926,-0.005899,,,
1572,26.200000,,,,0.002016,0.754349,-0.006289,,,
1573,26.216667,,,,0.001751,0.754206,-0.006706,,,
1574,26.233333,,,,0.001731,0.754166,-0.006747,,,
1575,26.250000,,,,0.001716,0.754171,-0.006758,,,
1576,26.266667,,,,0.001728,0.754167,-0.006740,,,
1577,26.283333,,,,0.001729,0.754151,-0.006753,,,
1578,26.300000,,,,0.001728,0.754152,-0.006760,,,
1579,26.316667,,,,0.001744,0.754156,-0.006747,,,
1580,26.333333,,,,0.001732,0.754158,-0.006740,,,
1581,26.350000,,,,0.001727,0.754188,-0.006731,,,
1582,26.366667,,,,0.001728,0.754172,-0.006752,,,
1583,26.383333,,,,0.001719,0.754177,-0.006729,,,
1584,26.400000,,,,0.001716,0.754174,-0.006745,,,
1585,26.416667,,,,0.001731,0.754152,-0.006753,,,
1586,26.433333,,,,0.001724,0.754166,-0.006744,,,
1587,26.450000,,,,0.001722,0.754171,-0.006743,,,
1588,26.466667,,,,0.001746,0.754160,-0.006750,,,
1589,26.483333,,,,0.001719,0.754157,-0.006736,,,
1590,26.500000,,,,0.001726,0.754162,-0.006745,,,
1591,26.516667,,,,0.001733,0.754162,-0.006746,,,
1592,26.533333,,,,0.001724,0.754166,-0.006751,,,
1593,26.550000,,,,0.001724,0.754175,-0.006748,,,
1594,26.566667,,,,0.001742,0.754172,-0.006747,,,
1595,26.583333,,,,0.001717,0.754176,-0.006734,,,
1596,26.600000,,,,0.001717,0.754176,-0.006745,,,
1597,26.616667,,,,0.001736,0.754170,-0.006743,,,
1598,26.633333,,,,0.001714,0.754173,-0.006748,,,
1599,26.650000,,,,0.001724,0.754166,-0.006741,,,
1600,26.666667,,,,0.001719,0.754166,-0.006753,,,
1601,26.683333,,,,0.001747,0.754162,-0.006746,,,
1602,26.700000,,,,0.001729,0.754173,-0.006743,,,
1603,26.716667,,,,0.001715,0.754170,-0.006750,,,
1604,26.733333,,,,0.001718,0.754172,-0.006746,,,
1605,26.750000,,,,0.001724,0.754181,-0.006729,,,
1606,26.766667,,,,0.001727,0.754161,-0.006746,,,
1607,26.783333,,,,0.001730,0.754176,-0.006746,,,
1608,26.800000,,,,0.001725,0.754165,-0.006750,,,
1609,26.816667,,,,0.001723,0.754175,-0.006740,,,
1610,26.833333,,,,0.001734,0.754168,-0.006748,,,
1611,26.850000,,,,0.001727,0.754159,-0.006745,,,
1612,26.866667,,,,0.001732,0.754164,-0.006736,,,
1613,26.883333,,,,0.001721,0.754159,-0.006741,,,
1614,26.900000,,,,0.001734,0.754170,-0.006755,,,
1615,26.916667,,,,0.001730,0.754163,-0.006732,,,
1616,26.933333,,,,0.001735,0.754168,-0.006751,,,
1617,26.950000,,,,0.001724,0.754159,-0.006751,,,
1618,26.966667,,,,0.001726,0.754175,-0.006741,,,
1619,26.983333,,,,0.001733,0.754160,-0.006741,,,
1620,27.000000,,,,0.001722,0.754165,-0.006738,,,
1621,27.016667,,,,0.001721,0.754170,-0.006739,,,
1622,27.033333,,,,0.001713,0.754165,-0.006744,,,
1623,27.050000,,,,0.001713,0.754170,-0.006739,,,
1624,27.066667,,,,0.001732,0.754166,-0.006755,,,
1625,27.083333,,,,0.001728,0.754170,-0.006753,,,
1626,27.100000,,,,0.001726,0.754184,-0.006743,,,
1627,27.116667,,,,0.001736,0.754165,-0.006733,,,
1628,27.133333,,,,0.001734,0.754164,-0.006745,,,
1629,27.150000,,,,0.001724,0.754185,-0.006736,,,
1630,27.166667,,,,0.001721,0.754150,-0.006741,,,
1631,27.183333,,,,0.001721,0.754166,-0.006751,,,
1632,27.200000,,,,0.001724,0.754170,-0.006742,,,
1633,27.216667,,,,0.001726,0.754166,-0.006739,,,
1634,27.233333,,,,0.001714,0.754172,-0.006745,,,
1635,27.250000,,,,0.001716,0.754164,-0.006744,,,
1636,27.266667,,,,0.001724,0.754172,-0.006743,,,
1637,27.283333,,,,0.001720,0.754180,-0.006737,,,
1638,27.300000,,,,0.001722,0.754180,-0.006730,,,
1639,27.316667,,,,0.001724,0.754162,-0.006750,,,
1640,27.333333,,,,0.001716,0.754177,-0.006750,,,
1641,27.350000,,,,0.001731,0.754153,-0.006744,,,
1642,27.366667,,,,0.001720,0.754176,-0.006740,,,
1643,27.383333,,,,0.001716,0.754161,-0.006746,,,
1644,27.400000,,,,0.001727,0.754162,-0.006745,,,
1645,27.416667,,,,0.001713,0.754171,-0.006742,,,
1646,27.433333,,,,0.001736,0.754158,-0.006741,,,
1647,27.450000,,,,0.001725,0.754175,-0.006752,,,
1648,27.466667,,,,0.001728,0.754151,-0.006739,,,
1649,27.483333,,,,0.001722,0.754172,-0.006745,,,
1650,27.500000,,,,0.001721,0.754170,-0.006749,,,
1651,27.516667,,,,0.001723,0.754165,-0.006739,,,
1652,27.533333,,,,0.001715,0.754175,-0.006741,,,
1653,27.550000,,,,0.001728,0.754172,-0.006736,,,
1654,27.566667,,,,0.001700,0.754189,-0.006743,,,
1655,27.583333,,,,0.001726,0.754187,-0.006750,,,
1656,27.600000,,,,0.001731,0.754170,-0.006742,,,
1657,27.616667,,,,0.001717,0.754168,-0.006754,,,
1658,27.633333,,,,0.001719,0.754163,-0.006743,,,
1659,27.650000,,,,0.001728,0.754169,-0.006746,,,
1660,27.666667,,,,0.001706,0.754192,-0.006735,,,
1661,27.683333,,,,0.001727,0.754173,-0.006753,,,
1662,27.700000,,,,0.001710,0.754175,-0.006744,,,
1663,27.716667,,,,0.001734,0.754155,-0.006743,,,
1664,27.733333,,,,0.001717,0.754173,-0.006755,,,
1665,27.750000,,,,0.001716,0.754166,-0.006754,,,
1666,27.766667,,,,0.001716,0.754167,-0.006752,,,
1667,27.783333,,,,0.001731,0.754170,-0.006736,,,
1668,27.800000,,,,0.001724,0.754169,-0.006739,,,
1669,27.816667,,,,0.001739,0.754162,-0.006740,,,
1670,27.833333,,,,0.001726,0.754182,-0.006751,,,
1671,27.850000,,,,0.001720,0.754170,-0.006759,,,
1672,27.866667,,,,0.001716,0.754176,-0.006750,,,
1673,27.883333,,,,0.001711,0.754169,-0.006738,,,
1674,27.900000,,,,0.001737,0.754158,-0.006742,,,
1675,27.916667,,,,0.001728,0.754172,-0.006744,,,
1676,27.933333,,,,0.001723,0.754172,-0.006736,,,
1677,27.950000,,,,0.001721,0.754165,-0.006746,,,
1678,27.966667,,,,0.001737,0.754160,-0.006761,,,
1679,27.983333,,,,0.001734,0.754174,-0.006746,,,
1680,28.000000,,,,0.001720,0.754160,-0.006751,,,
1681,28.016667,,,,0.001728,0.754166,-0.006740,,,
1682,28.033333,,,,0.001713,0.754172,-0.006745,,,
1683,28.050000,,,,0.001714,0.754167,-0.006755,,,
1684,28.066667,,,,0.001731,0.754186,-0.006745,,,
1685,28.083333,,,,0.001711,0.754180,-0.006750,,,
1686,28.100000,,,,0.001711,0.754185,-0.006746,,,
1687,28.116667,,,,0.001716,0.754165,-0.006746,,,
1688,28.133333,,,,0.001716,0.754172,-0.006755,,,
1689,28.150000,,,,0.001704,0.754176,-0.006750,,,
1690,28.166667,,,,0.001713,0.754170,-0.006742,,,
1691,28.183333,,,,0.001723,0.754166,-0.006742,,,
1692,28.200000,,,,0.001711,0.754170,-0.006756,,,
1693,28.216667,,,,0.001706,0.754173,-0.006752,,,
1694,28.233333,,,,0.001717,0.754171,-0.006742,,,
1695,28.250000,,,,0.001730,0.754173,-0.006740,,,
1696,28.266667,,,,0.001714,0.754164,-0.006744,,,
1697,28.283333,,,,0.001715,0.754171,-0.006756,,,
1698,28.300000,,,,0.001727,0.754168,-0.006746,,,
1699,28.316667,,,,0.001723,0.754156,-0.006755,,,
1700,28.333333,,,,0.001713,0.754168,-0.006750,,,
1701,28.350000,,,,0.001712,0.754174,-0.006744,,,
1702,28.366667,,,,0.001721,0.754175,-0.006745,,,
1703,28.383333,,,,0.001727,0.754175,-0.006736,,,
1704,28.400000,,,,0.001717,0.754163,-0.006746,,,
1705,28.416667,,,,0.001715,0.754176,-0.006751,,,
1706,28.433333,,,,0.001715,0.754175,-0.006747,,,
1707,28.450000,,,,0.001722,0.754160,-0.006754,,,
1708,28.466667,,,,0.001725,0.754158,-0.006745,,,
1709,28.483333,,,,0.001728,0.754163,-0.006764,,,
1710,28.500000,,,,0.001706,0.754162,-0.006754,,,
1711,28.516667,,,,0.001710,0.754179,-0.006737,,,
1712,28.533333,,,,0.001720,0.754179,-0.006753,,,
1713,28.550000,,,,0.001732,0.754152,-0.006748,,,
1714,28.566667,,,,0.001712,0.754155,-0.006742,,,
1715,28.583333,,,,0.001728,0.754197,-0.006746,,,
1716,28.600000,,,,0.001716,0.754170,-0.006747,,,
1717,28.616667,,,,0.001704,0.754171,-0.006748,,,
1718,28.633333,,,,0.001731,0.754193,-0.006746,,,
1719,28.650000,,,,0.001719,0.754153,-0.006752,,,
1720,28.666667,,,,0.001721,0.754172,-0.006749,,,
1721,28.683333,,,,0.001720,0.754171,-0.006749,,,
1722,28.700000,,,,0.001715,0.754157,-0.006753,,,
1723,28.716667,,,,0.001722,0.754166,-0.006743,,,
1724,28.733333,,,,0.001711,0.754172,-0.006766,,,
1725,28.750000,,,,0.001718,0.754156,-0.006756,,,
1726,28.766667,,,,0.001710,0.754161,-0.006748,,,
1727,28.783333,,,,0.001722,0.754175,-0.006751,,,
1728,28.800000,,,,0.001723,0.754173,-0.006752,,,
1729,28.816667,,,,0.001725,0.754170,-0.006741,,,
1730,28.833333,,,,0.001722,0.754170,-0.006754,,,
1731,28.850000,,,,0.001722,0.754171,-0.006749,,,
1732,28.866667,,,,0.001702,0.754174,-0.006745,,,
1733,28.883333,,,,0.001719,0.754176,-0.006754,,,
1734,28.900000,,,,0.001728,0.754169,-0.006744,,,
1735,28.916667,,,,0.001715,0.754169,-0.006750,,,
1736,28.933333,,,,0.001724,0.754163,-0.006755,,,
1737,28.950000,,,,0.001744,0.754166,-0.006744,,,
